# The third live development calibration of the fresh-model deduction instrument
#
# One sitting, run once, not resumed and not restarted. The invocation is the
# command the execution manifest's "Development calibration 3 (2026-09-18)"
# section documents, with the credential file and the two path arguments elided:
# no committed file outside the module and the manifest may carry the runner flag,
# and the API key never reached a command line, a log or a commit.
#
#   uv run --env-file <a 0600 credential-only file outside the repository> python \
#     -m experiments.fresh_deduction_instrument \
#     --calibrate \
#     --calibration-mode 2026-09-18 \
#     --provider featherless \
#     --execution-manifest audits/deduction-candidate/execution-manifest.md \
#     <the runner flag> \
#     --output-dir <a directory outside version control> \
#     --json audits/deduction-candidate/calibration-3-2026-09-18/calibration.json
#
# START 2026-09-18T17:17:08Z
# END 2026-09-18T20:16:13Z
# EXIT 0
# stderr: empty
#
# The stdout body follows, byte-identical to calibration.json.
{
  "report_schema": "fresh-deduction-calibration/1",
  "provider": "featherless",
  "model_ids": [
    "Qwen/Qwen3.6-27B"
  ],
  "execution_mode": "sequential",
  "instrument_sha256": "1927ff6187c036444ba83e4240483d059a071001c6d4f44a1b3c9481582cc98a",
  "prompt_set": "qwen3_6_27b",
  "inputs": {
    "record": "audits/deduction-candidate/held-out/manifest-band-3000-3999.json",
    "record_sha256": "ca4cd057acb2119646190fb6fff923a897ec207d5f54c491c3e1dfae0944cf3c",
    "status": "development",
    "band_first_seed": 3000,
    "band_last_seed": 3999,
    "seeds": [
      3000,
      3001,
      3002,
      3003,
      3004,
      3005,
      3006,
      3007,
      3008,
      3010,
      3011,
      3012,
      3015,
      3016,
      3017,
      3018,
      3019,
      3021,
      3022,
      3023,
      3025,
      3026,
      3028,
      3030,
      3031,
      3032,
      3033,
      3034,
      3035,
      3036,
      3037,
      3038,
      3039,
      3040,
      3042,
      3043,
      3044,
      3045,
      3046,
      3047,
      3048,
      3049,
      3050,
      3051,
      3052,
      3053,
      3054,
      3055,
      3056,
      3057
    ],
    "accepted_in_record": 50,
    "skipped_in_record": 8
  },
  "input_records": [
    {
      "record": "audits/deduction-candidate/held-out/manifest-band-3000-3999.json",
      "record_sha256": "ca4cd057acb2119646190fb6fff923a897ec207d5f54c491c3e1dfae0944cf3c",
      "status": "development",
      "band_first_seed": 3000,
      "band_last_seed": 3999,
      "seeds": [
        3000,
        3001,
        3002,
        3003,
        3004,
        3005,
        3006,
        3007,
        3008,
        3010,
        3011,
        3012,
        3015,
        3016,
        3017,
        3018,
        3019,
        3021,
        3022,
        3023,
        3025,
        3026,
        3028,
        3030,
        3031,
        3032,
        3033,
        3034,
        3035,
        3036,
        3037,
        3038,
        3039,
        3040,
        3042,
        3043,
        3044,
        3045,
        3046,
        3047,
        3048,
        3049,
        3050,
        3051,
        3052,
        3053,
        3054,
        3055,
        3056,
        3057
      ],
      "accepted_in_record": 50,
      "skipped_in_record": 8
    },
    {
      "record": "audits/deduction-candidate/held-out/manifest-band-5000-5999.json",
      "record_sha256": "4fc831dafeda0a6ee7fc311e6557c149506be1fabcf05c69b2117ddb436f7711",
      "status": "development",
      "band_first_seed": 5000,
      "band_last_seed": 5999,
      "seeds": [
        5000,
        5001,
        5002,
        5003,
        5004,
        5005,
        5006,
        5007,
        5008,
        5009
      ],
      "accepted_in_record": 50,
      "skipped_in_record": 3
    }
  ],
  "mode": "2026-09-18",
  "limits": {
    "run_max_input_tokens": 4700000,
    "run_max_output_tokens": 520000,
    "unit_max_input_tokens": 116000,
    "unit_max_output_tokens": 16000,
    "max_cost_usd": 0.0,
    "elapsed_seconds": 21600.0,
    "model_work_seconds": 18000.0
  },
  "sampling": {
    "turn_max_tokens": 4096,
    "turn_temperature": 0.4,
    "vote_max_tokens": 1024,
    "vote_temperature": 0.2
  },
  "paired_seeds": 60,
  "units": 120,
  "arms": [
    {
      "arm": "repaired_clock",
      "units": 60,
      "attempts": 361,
      "completions": 361,
      "input_tokens": 1253706,
      "output_tokens": 69981,
      "cost_usd": 0.0,
      "model_work_seconds": 4868.136639326578,
      "seconds_per_attempt": 13.485143045225978,
      "by_call_type": [
        {
          "arm": "repaired_clock",
          "call_type": "turn",
          "completions": 181,
          "input_mean": 3278.1491712707184,
          "input_p95": 4091,
          "input_max": 4344,
          "output_mean": 286.43093922651934,
          "output_p95": 426,
          "output_max": 540,
          "max_tokens": 4096
        },
        {
          "arm": "repaired_clock",
          "call_type": "ballot",
          "completions": 180,
          "input_mean": 3668.6722222222224,
          "input_p95": 4337,
          "input_max": 4721,
          "output_mean": 100.7611111111111,
          "output_p95": 123,
          "output_max": 143,
          "max_tokens": 1024
        }
      ],
      "mean_unit_input_tokens": 20895.1,
      "mean_unit_output_tokens": 1166.35,
      "max_unit_input_tokens": 25247,
      "max_unit_output_tokens": 1602,
      "defaulted_turns": 0,
      "defaulted_votes": 0,
      "defaults_by_validation": 0,
      "defaults_by_deadline": 0,
      "degraded_openings": 0,
      "units_with_defaults": 0,
      "charged_failed_attempts": 0,
      "charged_failed_input_tokens": 0,
      "charged_failed_output_tokens": 0,
      "retried_calls": 0,
      "unaccounted_attempts": 0,
      "aborted_attempts": 0,
      "attempts_by_trigger": {},
      "by_role": [
        {
          "arm": "repaired_clock",
          "call_type": "turn",
          "role": "CREWMATE",
          "draws": 121,
          "output_mean": 332.4876033057851,
          "output_p95": 438,
          "output_max": 540,
          "truncations": 0,
          "truncations_by_finish_reason": {},
          "lengths": [
            {
              "field": "free_text",
              "samples": 120,
              "mean": 228.925,
              "p95": 354,
              "max": 473
            },
            {
              "field": "claims_reason",
              "samples": 126,
              "mean": 74.08730158730158,
              "p95": 129,
              "max": 214
            }
          ]
        },
        {
          "arm": "repaired_clock",
          "call_type": "turn",
          "role": "IMPOSTOR",
          "draws": 60,
          "output_mean": 193.55,
          "output_p95": 338,
          "output_max": 445,
          "truncations": 0,
          "truncations_by_finish_reason": {},
          "lengths": [
            {
              "field": "free_text",
              "samples": 60,
              "mean": 200.45,
              "p95": 314,
              "max": 414
            },
            {
              "field": "claims_reason",
              "samples": 60,
              "mean": 65.58333333333333,
              "p95": 108,
              "max": 148
            }
          ]
        },
        {
          "arm": "repaired_clock",
          "call_type": "ballot",
          "role": "CREWMATE",
          "draws": 120,
          "output_mean": 101.28333333333333,
          "output_p95": 122,
          "output_max": 143,
          "truncations": 0,
          "truncations_by_finish_reason": {},
          "lengths": [
            {
              "field": "rationale_text",
              "samples": 120,
              "mean": 104.50833333333334,
              "p95": 151,
              "max": 253
            }
          ]
        },
        {
          "arm": "repaired_clock",
          "call_type": "ballot",
          "role": "IMPOSTOR",
          "draws": 60,
          "output_mean": 99.71666666666667,
          "output_p95": 124,
          "output_max": 140,
          "truncations": 0,
          "truncations_by_finish_reason": {},
          "lengths": [
            {
              "field": "rationale_text",
              "samples": 60,
              "mean": 103.86666666666666,
              "p95": 187,
              "max": 232
            }
          ]
        }
      ],
      "self_telling_impostor_ballots": 3,
      "leaking_turns": 0,
      "units_with_a_leaking_turn": 0,
      "resolved_levers": {
        "AILIBI_ATTRIBUTED_TESTIMONY": "0",
        "AILIBI_BOUNDED_REBUTTAL": "0",
        "AILIBI_CITATION_RELEVANCE": "1",
        "AILIBI_EVIDENCE_REASONING": "2",
        "AILIBI_PROMPT_SET": "qwen3_6_27b",
        "AILIBI_PUBLIC_ACCOUNTS": "0",
        "AILIBI_TEMPORAL_OBSERVATIONS": "2"
      },
      "authored_diagnostics": {
        "note": "AUTHORING-CONDITIONED DIAGNOSTICS. Every count below is conditioned on a ballot having been AUTHORED as an ejection, so it flatters whichever arm authors more ejections and says nothing about how often an arm decides correctly. This is a DEVELOPMENT calibration: no primary outcome is reported beside them, no paired statistic was computed and no decision rule was evaluated. They are NEVER a decision input: no stop condition reads one, the decision rule does not mention one, none of them is a field of the paired result, and they were never preregistered — they were approved on 2026-09-18 as a labelled diagnostic only (decision 2 of the diagnosis of that day). The crew per-ballot precision is therefore reported ONLY beside its harm counter, the crew-on-crew authored ejections and the units carrying one, because an arm can raise both together. An authored ejection the meeting could not act on — an id naming no living candidate — is reported in its own illegal-target column and counted in no other, naming as it does neither the impostor nor a crewmate. Both arms of this sitting render the revision of 2026-09-18, so whether the ballot REGISTER is now equal across them is one of the things these counts are read FOR rather than something a reader may assume; they are read against the predictions the manifest fixed BEFORE the sitting, and none of those is a gate.",
        "crew_authored_ejects": 15,
        "crew_authored_naming_impostor": 6,
        "crew_authored_precision_p": 0.84912109375,
        "crew_on_crew_authored_ejects": 9,
        "units_with_crew_on_crew": 9,
        "by_voter_role": [
          {
            "role": "CREWMATE",
            "authored": 15,
            "cleared": 15,
            "coerced": 0,
            "illegal_targets": 0
          },
          {
            "role": "IMPOSTOR",
            "authored": 8,
            "cleared": 7,
            "coerced": 1,
            "illegal_targets": 0
          }
        ],
        "correct_coalitions": 0,
        "correct_coalitions_cleared": 0,
        "correct_coalitions_converted": 0,
        "wrongful_coalitions": 3,
        "wrongful_coalitions_cleared": 3,
        "wrongful_coalitions_converted": 3,
        "ejections": 3,
        "role_correct_ejections": 0,
        "role_correct_p": 1.0,
        "crew_authored_role_correct_ejections": 0,
        "crew_authored_role_correct_p": 1.0,
        "guard_rewrites_by_reason": {
          "invalid_target": 0,
          "off_target_coerced": 1,
          "parse_default": 0,
          "teammate_coerced": 0,
          "uncited_coerced": 0,
          "under_gate_redirect": 0
        }
      }
    },
    {
      "arm": "combined_accounts",
      "units": 60,
      "attempts": 360,
      "completions": 360,
      "input_tokens": 1467113,
      "output_tokens": 103696,
      "cost_usd": 0.0,
      "model_work_seconds": 5869.058901448967,
      "seconds_per_attempt": 16.302941392913798,
      "by_call_type": [
        {
          "arm": "combined_accounts",
          "call_type": "turn",
          "completions": 180,
          "input_mean": 3397.538888888889,
          "input_p95": 4736,
          "input_max": 5477,
          "output_mean": 476.25,
          "output_p95": 835,
          "output_max": 1187,
          "max_tokens": 4096
        },
        {
          "arm": "combined_accounts",
          "call_type": "ballot",
          "completions": 180,
          "input_mean": 4753.0888888888885,
          "input_p95": 6227,
          "input_max": 7354,
          "output_mean": 99.83888888888889,
          "output_p95": 123,
          "output_max": 130,
          "max_tokens": 1024
        }
      ],
      "mean_unit_input_tokens": 24451.883333333335,
      "mean_unit_output_tokens": 1728.2666666666667,
      "max_unit_input_tokens": 34412,
      "max_unit_output_tokens": 2764,
      "defaulted_turns": 1,
      "defaulted_votes": 0,
      "defaults_by_validation": 1,
      "defaults_by_deadline": 0,
      "degraded_openings": 0,
      "units_with_defaults": 1,
      "charged_failed_attempts": 1,
      "charged_failed_input_tokens": 2885,
      "charged_failed_output_tokens": 459,
      "retried_calls": 0,
      "unaccounted_attempts": 0,
      "aborted_attempts": 0,
      "attempts_by_trigger": {},
      "by_role": [
        {
          "arm": "combined_accounts",
          "call_type": "turn",
          "role": "CREWMATE",
          "draws": 120,
          "output_mean": 494.55,
          "output_p95": 816,
          "output_max": 1017,
          "truncations": 0,
          "truncations_by_finish_reason": {},
          "lengths": [
            {
              "field": "free_text",
              "samples": 119,
              "mean": 384.2436974789916,
              "p95": 597,
              "max": 842
            },
            {
              "field": "claims_reason",
              "samples": 115,
              "mean": 117.75652173913043,
              "p95": 230,
              "max": 338
            }
          ]
        },
        {
          "arm": "combined_accounts",
          "call_type": "turn",
          "role": "IMPOSTOR",
          "draws": 60,
          "output_mean": 439.65,
          "output_p95": 842,
          "output_max": 1187,
          "truncations": 0,
          "truncations_by_finish_reason": {},
          "lengths": [
            {
              "field": "free_text",
              "samples": 60,
              "mean": 256.68333333333334,
              "p95": 344,
              "max": 470
            },
            {
              "field": "claims_reason",
              "samples": 60,
              "mean": 106.48333333333333,
              "p95": 184,
              "max": 269
            }
          ]
        },
        {
          "arm": "combined_accounts",
          "call_type": "ballot",
          "role": "CREWMATE",
          "draws": 120,
          "output_mean": 100.925,
          "output_p95": 123,
          "output_max": 128,
          "truncations": 0,
          "truncations_by_finish_reason": {},
          "lengths": [
            {
              "field": "rationale_text",
              "samples": 120,
              "mean": 108.66666666666667,
              "p95": 135,
              "max": 167
            }
          ]
        },
        {
          "arm": "combined_accounts",
          "call_type": "ballot",
          "role": "IMPOSTOR",
          "draws": 60,
          "output_mean": 97.66666666666667,
          "output_p95": 119,
          "output_max": 130,
          "truncations": 0,
          "truncations_by_finish_reason": {},
          "lengths": [
            {
              "field": "rationale_text",
              "samples": 60,
              "mean": 104.18333333333334,
              "p95": 129,
              "max": 231
            }
          ]
        }
      ],
      "self_telling_impostor_ballots": 28,
      "leaking_turns": 0,
      "units_with_a_leaking_turn": 0,
      "resolved_levers": {
        "AILIBI_ATTRIBUTED_TESTIMONY": "1",
        "AILIBI_BOUNDED_REBUTTAL": "0",
        "AILIBI_CITATION_RELEVANCE": "1",
        "AILIBI_EVIDENCE_REASONING": "2",
        "AILIBI_PROMPT_SET": "qwen3_6_27b",
        "AILIBI_PUBLIC_ACCOUNTS": "1",
        "AILIBI_TEMPORAL_OBSERVATIONS": "2"
      },
      "authored_diagnostics": {
        "note": "AUTHORING-CONDITIONED DIAGNOSTICS. Every count below is conditioned on a ballot having been AUTHORED as an ejection, so it flatters whichever arm authors more ejections and says nothing about how often an arm decides correctly. This is a DEVELOPMENT calibration: no primary outcome is reported beside them, no paired statistic was computed and no decision rule was evaluated. They are NEVER a decision input: no stop condition reads one, the decision rule does not mention one, none of them is a field of the paired result, and they were never preregistered — they were approved on 2026-09-18 as a labelled diagnostic only (decision 2 of the diagnosis of that day). The crew per-ballot precision is therefore reported ONLY beside its harm counter, the crew-on-crew authored ejections and the units carrying one, because an arm can raise both together. An authored ejection the meeting could not act on — an id naming no living candidate — is reported in its own illegal-target column and counted in no other, naming as it does neither the impostor nor a crewmate. Both arms of this sitting render the revision of 2026-09-18, so whether the ballot REGISTER is now equal across them is one of the things these counts are read FOR rather than something a reader may assume; they are read against the predictions the manifest fixed BEFORE the sitting, and none of those is a gate.",
        "crew_authored_ejects": 27,
        "crew_authored_naming_impostor": 13,
        "crew_authored_precision_p": 0.6494459807872772,
        "crew_on_crew_authored_ejects": 14,
        "units_with_crew_on_crew": 14,
        "by_voter_role": [
          {
            "role": "CREWMATE",
            "authored": 27,
            "cleared": 26,
            "coerced": 1,
            "illegal_targets": 0
          },
          {
            "role": "IMPOSTOR",
            "authored": 12,
            "cleared": 10,
            "coerced": 2,
            "illegal_targets": 0
          }
        ],
        "correct_coalitions": 1,
        "correct_coalitions_cleared": 1,
        "correct_coalitions_converted": 1,
        "wrongful_coalitions": 8,
        "wrongful_coalitions_cleared": 8,
        "wrongful_coalitions_converted": 8,
        "ejections": 9,
        "role_correct_ejections": 1,
        "role_correct_p": 0.9739877051262517,
        "crew_authored_role_correct_ejections": 1,
        "crew_authored_role_correct_p": 0.9739877051262517,
        "guard_rewrites_by_reason": {
          "invalid_target": 0,
          "off_target_coerced": 3,
          "parse_default": 0,
          "teammate_coerced": 0,
          "uncited_coerced": 0,
          "under_gate_redirect": 1
        }
      }
    }
  ],
  "calls": [
    {
      "arm": "repaired_clock",
      "call_type": "turn",
      "input_tokens": 3434,
      "output_tokens": 259,
      "disposition": "resolved",
      "finish_reason": "stop"
    },
    {
      "arm": "repaired_clock",
      "call_type": "turn",
      "input_tokens": 3433,
      "output_tokens": 173,
      "disposition": "resolved",
      "finish_reason": "stop"
    },
    {
      "arm": "repaired_clock",
      "call_type": "turn",
      "input_tokens": 2700,
      "output_tokens": 424,
      "disposition": "resolved",
      "finish_reason": "stop"
    },
    {
      "arm": "repaired_clock",
      "call_type": "ballot",
      "input_tokens": 3755,
      "output_tokens": 74,
      "disposition": "resolved",
      "finish_reason": "stop"
    },
    {
      "arm": "repaired_clock",
      "call_type": "ballot",
      "input_tokens": 3017,
      "output_tokens": 118,
      "disposition": "resolved",
      "finish_reason": "stop"
    },
    {
      "arm": "repaired_clock",
      "call_type": "ballot",
      "input_tokens": 4079,
      "output_tokens": 104,
      "disposition": "resolved",
      "finish_reason": "stop"
    },
    {
      "arm": "combined_accounts",
      "call_type": "turn",
      "input_tokens": 2569,
      "output_tokens": 713,
      "disposition": "resolved",
      "finish_reason": "stop"
    },
    {
      "arm": "combined_accounts",
      "call_type": "turn",
      "input_tokens": 4362,
      "output_tokens": 954,
      "disposition": "resolved",
      "finish_reason": "stop"
    },
    {
      "arm": "combined_accounts",
      "call_type": "turn",
      "input_tokens": 5129,
      "output_tokens": 371,
      "disposition": "resolved",
      "finish_reason": "stop"
    },
    {
      "arm": "combined_accounts",
      "call_type": "ballot",
      "input_tokens": 6323,
      "output_tokens": 126,
      "disposition": "resolved",
      "finish_reason": "stop"
    },
    {
      "arm": "combined_accounts",
      "call_type": "ballot",
      "input_tokens": 5598,
      "output_tokens": 118,
      "disposition": "resolved",
      "finish_reason": "stop"
    },
    {
      "arm": "combined_accounts",
      "call_type": "ballot",
      "input_tokens": 6775,
      "output_tokens": 125,
      "disposition": "resolved",
      "finish_reason": "stop"
    },
    {
      "arm": "repaired_clock",
      "call_type": "turn",
      "input_tokens": 2920,
      "output_tokens": 256,
      "disposition": "resolved",
      "finish_reason": "stop"
    },
    {
      "arm": "repaired_clock",
      "call_type": "turn",
      "input_tokens": 3452,
      "output_tokens": 411,
      "disposition": "resolved",
      "finish_reason": "stop"
    },
    {
      "arm": "repaired_clock",
      "call_type": "turn",
      "input_tokens": 4244,
      "output_tokens": 333,
      "disposition": "resolved",
      "finish_reason": "stop"
    },
    {
      "arm": "repaired_clock",
      "call_type": "ballot",
      "input_tokens": 4462,
      "output_tokens": 106,
      "disposition": "resolved",
      "finish_reason": "stop"
    },
    {
      "arm": "repaired_clock",
      "call_type": "ballot",
      "input_tokens": 3776,
      "output_tokens": 104,
      "disposition": "resolved",
      "finish_reason": "stop"
    },
    {
      "arm": "repaired_clock",
      "call_type": "ballot",
      "input_tokens": 3459,
      "output_tokens": 86,
      "disposition": "resolved",
      "finish_reason": "stop"
    },
    {
      "arm": "combined_accounts",
      "call_type": "turn",
      "input_tokens": 2064,
      "output_tokens": 390,
      "disposition": "resolved",
      "finish_reason": "stop"
    },
    {
      "arm": "combined_accounts",
      "call_type": "turn",
      "input_tokens": 3111,
      "output_tokens": 378,
      "disposition": "resolved",
      "finish_reason": "stop"
    },
    {
      "arm": "combined_accounts",
      "call_type": "turn",
      "input_tokens": 4243,
      "output_tokens": 293,
      "disposition": "resolved",
      "finish_reason": "stop"
    },
    {
      "arm": "combined_accounts",
      "call_type": "ballot",
      "input_tokens": 4516,
      "output_tokens": 119,
      "disposition": "resolved",
      "finish_reason": "stop"
    },
    {
      "arm": "combined_accounts",
      "call_type": "ballot",
      "input_tokens": 3955,
      "output_tokens": 94,
      "disposition": "resolved",
      "finish_reason": "stop"
    },
    {
      "arm": "combined_accounts",
      "call_type": "ballot",
      "input_tokens": 3528,
      "output_tokens": 124,
      "disposition": "resolved",
      "finish_reason": "stop"
    },
    {
      "arm": "repaired_clock",
      "call_type": "turn",
      "input_tokens": 3321,
      "output_tokens": 347,
      "disposition": "resolved",
      "finish_reason": "stop"
    },
    {
      "arm": "repaired_clock",
      "call_type": "turn",
      "input_tokens": 3336,
      "output_tokens": 388,
      "disposition": "resolved",
      "finish_reason": "stop"
    },
    {
      "arm": "repaired_clock",
      "call_type": "turn",
      "input_tokens": 4263,
      "output_tokens": 338,
      "disposition": "resolved",
      "finish_reason": "stop"
    },
    {
      "arm": "repaired_clock",
      "call_type": "ballot",
      "input_tokens": 4667,
      "output_tokens": 100,
      "disposition": "resolved",
      "finish_reason": "stop"
    },
    {
      "arm": "repaired_clock",
      "call_type": "ballot",
      "input_tokens": 3869,
      "output_tokens": 102,
      "disposition": "resolved",
      "finish_reason": "stop"
    },
    {
      "arm": "repaired_clock",
      "call_type": "ballot",
      "input_tokens": 4056,
      "output_tokens": 90,
      "disposition": "resolved",
      "finish_reason": "stop"
    },
    {
      "arm": "combined_accounts",
      "call_type": "turn",
      "input_tokens": 2461,
      "output_tokens": 872,
      "disposition": "resolved",
      "finish_reason": "stop"
    },
    {
      "arm": "combined_accounts",
      "call_type": "turn",
      "input_tokens": 4531,
      "output_tokens": 355,
      "disposition": "resolved",
      "finish_reason": "stop"
    },
    {
      "arm": "combined_accounts",
      "call_type": "turn",
      "input_tokens": 4410,
      "output_tokens": 664,
      "disposition": "resolved",
      "finish_reason": "stop"
    },
    {
      "arm": "combined_accounts",
      "call_type": "ballot",
      "input_tokens": 6152,
      "output_tokens": 96,
      "disposition": "resolved",
      "finish_reason": "stop"
    },
    {
      "arm": "combined_accounts",
      "call_type": "ballot",
      "input_tokens": 5402,
      "output_tokens": 94,
      "disposition": "resolved",
      "finish_reason": "stop"
    },
    {
      "arm": "combined_accounts",
      "call_type": "ballot",
      "input_tokens": 5591,
      "output_tokens": 112,
      "disposition": "resolved",
      "finish_reason": "stop"
    },
    {
      "arm": "repaired_clock",
      "call_type": "turn",
      "input_tokens": 3309,
      "output_tokens": 306,
      "disposition": "resolved",
      "finish_reason": "stop"
    },
    {
      "arm": "repaired_clock",
      "call_type": "turn",
      "input_tokens": 3450,
      "output_tokens": 139,
      "disposition": "resolved",
      "finish_reason": "stop"
    },
    {
      "arm": "repaired_clock",
      "call_type": "turn",
      "input_tokens": 3160,
      "output_tokens": 372,
      "disposition": "resolved",
      "finish_reason": "stop"
    },
    {
      "arm": "repaired_clock",
      "call_type": "ballot",
      "input_tokens": 4039,
      "output_tokens": 85,
      "disposition": "resolved",
      "finish_reason": "stop"
    },
    {
      "arm": "repaired_clock",
      "call_type": "ballot",
      "input_tokens": 3589,
      "output_tokens": 73,
      "disposition": "resolved",
      "finish_reason": "stop"
    },
    {
      "arm": "repaired_clock",
      "call_type": "ballot",
      "input_tokens": 3447,
      "output_tokens": 110,
      "disposition": "resolved",
      "finish_reason": "stop"
    },
    {
      "arm": "combined_accounts",
      "call_type": "turn",
      "input_tokens": 2444,
      "output_tokens": 472,
      "disposition": "resolved",
      "finish_reason": "stop"
    },
    {
      "arm": "combined_accounts",
      "call_type": "turn",
      "input_tokens": 3726,
      "output_tokens": 192,
      "disposition": "resolved",
      "finish_reason": "stop"
    },
    {
      "arm": "combined_accounts",
      "call_type": "turn",
      "input_tokens": 3204,
      "output_tokens": 348,
      "disposition": "resolved",
      "finish_reason": "stop"
    },
    {
      "arm": "combined_accounts",
      "call_type": "ballot",
      "input_tokens": 4376,
      "output_tokens": 105,
      "disposition": "resolved",
      "finish_reason": "stop"
    },
    {
      "arm": "combined_accounts",
      "call_type": "ballot",
      "input_tokens": 3790,
      "output_tokens": 118,
      "disposition": "resolved",
      "finish_reason": "stop"
    },
    {
      "arm": "combined_accounts",
      "call_type": "ballot",
      "input_tokens": 3651,
      "output_tokens": 94,
      "disposition": "resolved",
      "finish_reason": "stop"
    },
    {
      "arm": "repaired_clock",
      "call_type": "turn",
      "input_tokens": 3165,
      "output_tokens": 247,
      "disposition": "resolved",
      "finish_reason": "stop"
    },
    {
      "arm": "repaired_clock",
      "call_type": "turn",
      "input_tokens": 3302,
      "output_tokens": 154,
      "disposition": "resolved",
      "finish_reason": "stop"
    },
    {
      "arm": "repaired_clock",
      "call_type": "turn",
      "input_tokens": 2625,
      "output_tokens": 338,
      "disposition": "resolved",
      "finish_reason": "stop"
    },
    {
      "arm": "repaired_clock",
      "call_type": "ballot",
      "input_tokens": 3115,
      "output_tokens": 85,
      "disposition": "resolved",
      "finish_reason": "stop"
    },
    {
      "arm": "repaired_clock",
      "call_type": "ballot",
      "input_tokens": 4235,
      "output_tokens": 101,
      "disposition": "resolved",
      "finish_reason": "stop"
    },
    {
      "arm": "repaired_clock",
      "call_type": "ballot",
      "input_tokens": 3672,
      "output_tokens": 117,
      "disposition": "resolved",
      "finish_reason": "stop"
    },
    {
      "arm": "combined_accounts",
      "call_type": "turn",
      "input_tokens": 2298,
      "output_tokens": 613,
      "disposition": "resolved",
      "finish_reason": "stop"
    },
    {
      "arm": "combined_accounts",
      "call_type": "turn",
      "input_tokens": 4015,
      "output_tokens": 327,
      "disposition": "resolved",
      "finish_reason": "stop"
    },
    {
      "arm": "combined_accounts",
      "call_type": "turn",
      "input_tokens": 3415,
      "output_tokens": 277,
      "disposition": "resolved",
      "finish_reason": "stop"
    },
    {
      "arm": "combined_accounts",
      "call_type": "ballot",
      "input_tokens": 3717,
      "output_tokens": 100,
      "disposition": "resolved",
      "finish_reason": "stop"
    },
    {
      "arm": "combined_accounts",
      "call_type": "ballot",
      "input_tokens": 4830,
      "output_tokens": 102,
      "disposition": "resolved",
      "finish_reason": "stop"
    },
    {
      "arm": "combined_accounts",
      "call_type": "ballot",
      "input_tokens": 4274,
      "output_tokens": 96,
      "disposition": "resolved",
      "finish_reason": "stop"
    },
    {
      "arm": "repaired_clock",
      "call_type": "turn",
      "input_tokens": 2982,
      "output_tokens": 313,
      "disposition": "resolved",
      "finish_reason": "stop"
    },
    {
      "arm": "repaired_clock",
      "call_type": "turn",
      "input_tokens": 3548,
      "output_tokens": 154,
      "disposition": "resolved",
      "finish_reason": "stop"
    },
    {
      "arm": "repaired_clock",
      "call_type": "turn",
      "input_tokens": 3542,
      "output_tokens": 291,
      "disposition": "resolved",
      "finish_reason": "stop"
    },
    {
      "arm": "repaired_clock",
      "call_type": "ballot",
      "input_tokens": 3667,
      "output_tokens": 83,
      "disposition": "resolved",
      "finish_reason": "stop"
    },
    {
      "arm": "repaired_clock",
      "call_type": "ballot",
      "input_tokens": 3152,
      "output_tokens": 109,
      "disposition": "resolved",
      "finish_reason": "stop"
    },
    {
      "arm": "repaired_clock",
      "call_type": "ballot",
      "input_tokens": 4070,
      "output_tokens": 104,
      "disposition": "resolved",
      "finish_reason": "stop"
    },
    {
      "arm": "combined_accounts",
      "call_type": "turn",
      "input_tokens": 2122,
      "output_tokens": 471,
      "disposition": "resolved",
      "finish_reason": "stop"
    },
    {
      "arm": "combined_accounts",
      "call_type": "turn",
      "input_tokens": 3700,
      "output_tokens": 215,
      "disposition": "resolved",
      "finish_reason": "stop"
    },
    {
      "arm": "combined_accounts",
      "call_type": "turn",
      "input_tokens": 3539,
      "output_tokens": 271,
      "disposition": "resolved",
      "finish_reason": "stop"
    },
    {
      "arm": "combined_accounts",
      "call_type": "ballot",
      "input_tokens": 3810,
      "output_tokens": 97,
      "disposition": "resolved",
      "finish_reason": "stop"
    },
    {
      "arm": "combined_accounts",
      "call_type": "ballot",
      "input_tokens": 3295,
      "output_tokens": 94,
      "disposition": "resolved",
      "finish_reason": "stop"
    },
    {
      "arm": "combined_accounts",
      "call_type": "ballot",
      "input_tokens": 4219,
      "output_tokens": 71,
      "disposition": "resolved",
      "finish_reason": "stop"
    },
    {
      "arm": "repaired_clock",
      "call_type": "turn",
      "input_tokens": 3330,
      "output_tokens": 312,
      "disposition": "resolved",
      "finish_reason": "stop"
    },
    {
      "arm": "repaired_clock",
      "call_type": "turn",
      "input_tokens": 3222,
      "output_tokens": 191,
      "disposition": "resolved",
      "finish_reason": "stop"
    },
    {
      "arm": "repaired_clock",
      "call_type": "turn",
      "input_tokens": 2756,
      "output_tokens": 346,
      "disposition": "resolved",
      "finish_reason": "stop"
    },
    {
      "arm": "repaired_clock",
      "call_type": "ballot",
      "input_tokens": 3037,
      "output_tokens": 97,
      "disposition": "resolved",
      "finish_reason": "stop"
    },
    {
      "arm": "repaired_clock",
      "call_type": "ballot",
      "input_tokens": 3700,
      "output_tokens": 103,
      "disposition": "resolved",
      "finish_reason": "stop"
    },
    {
      "arm": "repaired_clock",
      "call_type": "ballot",
      "input_tokens": 3819,
      "output_tokens": 106,
      "disposition": "resolved",
      "finish_reason": "stop"
    },
    {
      "arm": "combined_accounts",
      "call_type": "turn",
      "input_tokens": 2465,
      "output_tokens": 647,
      "disposition": "resolved",
      "finish_reason": "stop"
    },
    {
      "arm": "combined_accounts",
      "call_type": "turn",
      "input_tokens": 3714,
      "output_tokens": 293,
      "disposition": "resolved",
      "finish_reason": "stop"
    },
    {
      "arm": "combined_accounts",
      "call_type": "turn",
      "input_tokens": 3259,
      "output_tokens": 533,
      "disposition": "resolved",
      "finish_reason": "stop"
    },
    {
      "arm": "combined_accounts",
      "call_type": "ballot",
      "input_tokens": 3951,
      "output_tokens": 68,
      "disposition": "resolved",
      "finish_reason": "stop"
    },
    {
      "arm": "combined_accounts",
      "call_type": "ballot",
      "input_tokens": 4611,
      "output_tokens": 94,
      "disposition": "resolved",
      "finish_reason": "stop"
    },
    {
      "arm": "combined_accounts",
      "call_type": "ballot",
      "input_tokens": 4870,
      "output_tokens": 75,
      "disposition": "resolved",
      "finish_reason": "stop"
    },
    {
      "arm": "repaired_clock",
      "call_type": "turn",
      "input_tokens": 3912,
      "output_tokens": 391,
      "disposition": "resolved",
      "finish_reason": "stop"
    },
    {
      "arm": "repaired_clock",
      "call_type": "turn",
      "input_tokens": 3703,
      "output_tokens": 454,
      "disposition": "resolved",
      "finish_reason": "stop"
    },
    {
      "arm": "repaired_clock",
      "call_type": "turn",
      "input_tokens": 4295,
      "output_tokens": 440,
      "disposition": "resolved",
      "finish_reason": "stop"
    },
    {
      "arm": "repaired_clock",
      "call_type": "ballot",
      "input_tokens": 4505,
      "output_tokens": 114,
      "disposition": "resolved",
      "finish_reason": "stop"
    },
    {
      "arm": "repaired_clock",
      "call_type": "ballot",
      "input_tokens": 4019,
      "output_tokens": 98,
      "disposition": "resolved",
      "finish_reason": "stop"
    },
    {
      "arm": "repaired_clock",
      "call_type": "ballot",
      "input_tokens": 4321,
      "output_tokens": 105,
      "disposition": "resolved",
      "finish_reason": "stop"
    },
    {
      "arm": "combined_accounts",
      "call_type": "turn",
      "input_tokens": 3050,
      "output_tokens": 733,
      "disposition": "resolved",
      "finish_reason": "stop"
    },
    {
      "arm": "combined_accounts",
      "call_type": "turn",
      "input_tokens": 3871,
      "output_tokens": 238,
      "disposition": "resolved",
      "finish_reason": "stop"
    },
    {
      "arm": "combined_accounts",
      "call_type": "turn",
      "input_tokens": 4657,
      "output_tokens": 346,
      "disposition": "resolved",
      "finish_reason": "stop"
    },
    {
      "arm": "combined_accounts",
      "call_type": "ballot",
      "input_tokens": 5099,
      "output_tokens": 70,
      "disposition": "resolved",
      "finish_reason": "stop"
    },
    {
      "arm": "combined_accounts",
      "call_type": "ballot",
      "input_tokens": 4600,
      "output_tokens": 68,
      "disposition": "resolved",
      "finish_reason": "stop"
    },
    {
      "arm": "combined_accounts",
      "call_type": "ballot",
      "input_tokens": 5034,
      "output_tokens": 103,
      "disposition": "resolved",
      "finish_reason": "stop"
    },
    {
      "arm": "repaired_clock",
      "call_type": "turn",
      "input_tokens": 3017,
      "output_tokens": 286,
      "disposition": "resolved",
      "finish_reason": "stop"
    },
    {
      "arm": "repaired_clock",
      "call_type": "turn",
      "input_tokens": 3241,
      "output_tokens": 142,
      "disposition": "resolved",
      "finish_reason": "stop"
    },
    {
      "arm": "repaired_clock",
      "call_type": "turn",
      "input_tokens": 2837,
      "output_tokens": 289,
      "disposition": "resolved",
      "finish_reason": "stop"
    },
    {
      "arm": "repaired_clock",
      "call_type": "ballot",
      "input_tokens": 3275,
      "output_tokens": 104,
      "disposition": "resolved",
      "finish_reason": "stop"
    },
    {
      "arm": "repaired_clock",
      "call_type": "ballot",
      "input_tokens": 3095,
      "output_tokens": 102,
      "disposition": "resolved",
      "finish_reason": "stop"
    },
    {
      "arm": "repaired_clock",
      "call_type": "ballot",
      "input_tokens": 3767,
      "output_tokens": 86,
      "disposition": "resolved",
      "finish_reason": "stop"
    },
    {
      "arm": "combined_accounts",
      "call_type": "turn",
      "input_tokens": 2157,
      "output_tokens": 437,
      "disposition": "resolved",
      "finish_reason": "stop"
    },
    {
      "arm": "combined_accounts",
      "call_type": "turn",
      "input_tokens": 3417,
      "output_tokens": 290,
      "disposition": "resolved",
      "finish_reason": "stop"
    },
    {
      "arm": "combined_accounts",
      "call_type": "turn",
      "input_tokens": 3086,
      "output_tokens": 346,
      "disposition": "resolved",
      "finish_reason": "stop"
    },
    {
      "arm": "combined_accounts",
      "call_type": "ballot",
      "input_tokens": 3711,
      "output_tokens": 105,
      "disposition": "resolved",
      "finish_reason": "stop"
    },
    {
      "arm": "combined_accounts",
      "call_type": "ballot",
      "input_tokens": 3529,
      "output_tokens": 97,
      "disposition": "resolved",
      "finish_reason": "stop"
    },
    {
      "arm": "combined_accounts",
      "call_type": "ballot",
      "input_tokens": 4342,
      "output_tokens": 101,
      "disposition": "resolved",
      "finish_reason": "stop"
    },
    {
      "arm": "repaired_clock",
      "call_type": "turn",
      "input_tokens": 2860,
      "output_tokens": 288,
      "disposition": "resolved",
      "finish_reason": "stop"
    },
    {
      "arm": "repaired_clock",
      "call_type": "turn",
      "input_tokens": 3126,
      "output_tokens": 177,
      "disposition": "resolved",
      "finish_reason": "stop"
    },
    {
      "arm": "repaired_clock",
      "call_type": "turn",
      "input_tokens": 2884,
      "output_tokens": 295,
      "disposition": "resolved",
      "finish_reason": "stop"
    },
    {
      "arm": "repaired_clock",
      "call_type": "ballot",
      "input_tokens": 3644,
      "output_tokens": 84,
      "disposition": "resolved",
      "finish_reason": "stop"
    },
    {
      "arm": "repaired_clock",
      "call_type": "ballot",
      "input_tokens": 3113,
      "output_tokens": 105,
      "disposition": "resolved",
      "finish_reason": "stop"
    },
    {
      "arm": "repaired_clock",
      "call_type": "ballot",
      "input_tokens": 3100,
      "output_tokens": 72,
      "disposition": "resolved",
      "finish_reason": "stop"
    },
    {
      "arm": "combined_accounts",
      "call_type": "turn",
      "input_tokens": 2000,
      "output_tokens": 329,
      "disposition": "resolved",
      "finish_reason": "stop"
    },
    {
      "arm": "combined_accounts",
      "call_type": "turn",
      "input_tokens": 3147,
      "output_tokens": 355,
      "disposition": "resolved",
      "finish_reason": "stop"
    },
    {
      "arm": "combined_accounts",
      "call_type": "turn",
      "input_tokens": 3187,
      "output_tokens": 354,
      "disposition": "resolved",
      "finish_reason": "stop"
    },
    {
      "arm": "combined_accounts",
      "call_type": "ballot",
      "input_tokens": 4311,
      "output_tokens": 94,
      "disposition": "resolved",
      "finish_reason": "stop"
    },
    {
      "arm": "combined_accounts",
      "call_type": "ballot",
      "input_tokens": 3645,
      "output_tokens": 104,
      "disposition": "resolved",
      "finish_reason": "stop"
    },
    {
      "arm": "combined_accounts",
      "call_type": "ballot",
      "input_tokens": 3627,
      "output_tokens": 103,
      "disposition": "resolved",
      "finish_reason": "stop"
    },
    {
      "arm": "repaired_clock",
      "call_type": "turn",
      "input_tokens": 3134,
      "output_tokens": 343,
      "disposition": "resolved",
      "finish_reason": "stop"
    },
    {
      "arm": "repaired_clock",
      "call_type": "turn",
      "input_tokens": 3683,
      "output_tokens": 163,
      "disposition": "resolved",
      "finish_reason": "stop"
    },
    {
      "arm": "repaired_clock",
      "call_type": "turn",
      "input_tokens": 2949,
      "output_tokens": 271,
      "disposition": "resolved",
      "finish_reason": "stop"
    },
    {
      "arm": "repaired_clock",
      "call_type": "ballot",
      "input_tokens": 3421,
      "output_tokens": 105,
      "disposition": "resolved",
      "finish_reason": "stop"
    },
    {
      "arm": "repaired_clock",
      "call_type": "ballot",
      "input_tokens": 3146,
      "output_tokens": 87,
      "disposition": "resolved",
      "finish_reason": "stop"
    },
    {
      "arm": "repaired_clock",
      "call_type": "ballot",
      "input_tokens": 4137,
      "output_tokens": 107,
      "disposition": "resolved",
      "finish_reason": "stop"
    },
    {
      "arm": "combined_accounts",
      "call_type": "turn",
      "input_tokens": 2262,
      "output_tokens": 693,
      "disposition": "resolved",
      "finish_reason": "stop"
    },
    {
      "arm": "combined_accounts",
      "call_type": "turn",
      "input_tokens": 4319,
      "output_tokens": 470,
      "disposition": "resolved",
      "finish_reason": "stop"
    },
    {
      "arm": "combined_accounts",
      "call_type": "turn",
      "input_tokens": 4111,
      "output_tokens": 378,
      "disposition": "resolved",
      "finish_reason": "stop"
    },
    {
      "arm": "combined_accounts",
      "call_type": "ballot",
      "input_tokens": 4843,
      "output_tokens": 119,
      "disposition": "resolved",
      "finish_reason": "stop"
    },
    {
      "arm": "combined_accounts",
      "call_type": "ballot",
      "input_tokens": 4586,
      "output_tokens": 118,
      "disposition": "resolved",
      "finish_reason": "stop"
    },
    {
      "arm": "combined_accounts",
      "call_type": "ballot",
      "input_tokens": 5701,
      "output_tokens": 117,
      "disposition": "resolved",
      "finish_reason": "stop"
    },
    {
      "arm": "repaired_clock",
      "call_type": "turn",
      "input_tokens": 2850,
      "output_tokens": 269,
      "disposition": "resolved",
      "finish_reason": "stop"
    },
    {
      "arm": "repaired_clock",
      "call_type": "turn",
      "input_tokens": 3230,
      "output_tokens": 162,
      "disposition": "resolved",
      "finish_reason": "stop"
    },
    {
      "arm": "repaired_clock",
      "call_type": "turn",
      "input_tokens": 2958,
      "output_tokens": 278,
      "disposition": "resolved",
      "finish_reason": "stop"
    },
    {
      "arm": "repaired_clock",
      "call_type": "ballot",
      "input_tokens": 3203,
      "output_tokens": 123,
      "disposition": "resolved",
      "finish_reason": "stop"
    },
    {
      "arm": "repaired_clock",
      "call_type": "ballot",
      "input_tokens": 3100,
      "output_tokens": 79,
      "disposition": "resolved",
      "finish_reason": "stop"
    },
    {
      "arm": "repaired_clock",
      "call_type": "ballot",
      "input_tokens": 3788,
      "output_tokens": 95,
      "disposition": "resolved",
      "finish_reason": "stop"
    },
    {
      "arm": "combined_accounts",
      "call_type": "turn",
      "input_tokens": 1985,
      "output_tokens": 527,
      "disposition": "resolved",
      "finish_reason": "stop"
    },
    {
      "arm": "combined_accounts",
      "call_type": "turn",
      "input_tokens": 3742,
      "output_tokens": 824,
      "disposition": "resolved",
      "finish_reason": "stop"
    },
    {
      "arm": "combined_accounts",
      "call_type": "turn",
      "input_tokens": 4583,
      "output_tokens": 465,
      "disposition": "resolved",
      "finish_reason": "stop"
    },
    {
      "arm": "combined_accounts",
      "call_type": "ballot",
      "input_tokens": 5166,
      "output_tokens": 102,
      "disposition": "resolved",
      "finish_reason": "stop"
    },
    {
      "arm": "combined_accounts",
      "call_type": "ballot",
      "input_tokens": 5060,
      "output_tokens": 94,
      "disposition": "resolved",
      "finish_reason": "stop"
    },
    {
      "arm": "combined_accounts",
      "call_type": "ballot",
      "input_tokens": 5887,
      "output_tokens": 97,
      "disposition": "resolved",
      "finish_reason": "stop"
    },
    {
      "arm": "repaired_clock",
      "call_type": "turn",
      "input_tokens": 3890,
      "output_tokens": 361,
      "disposition": "resolved",
      "finish_reason": "stop"
    },
    {
      "arm": "repaired_clock",
      "call_type": "turn",
      "input_tokens": 3606,
      "output_tokens": 155,
      "disposition": "resolved",
      "finish_reason": "stop"
    },
    {
      "arm": "repaired_clock",
      "call_type": "turn",
      "input_tokens": 2864,
      "output_tokens": 268,
      "disposition": "resolved",
      "finish_reason": "stop"
    },
    {
      "arm": "repaired_clock",
      "call_type": "ballot",
      "input_tokens": 4119,
      "output_tokens": 103,
      "disposition": "resolved",
      "finish_reason": "stop"
    },
    {
      "arm": "repaired_clock",
      "call_type": "ballot",
      "input_tokens": 3102,
      "output_tokens": 114,
      "disposition": "resolved",
      "finish_reason": "stop"
    },
    {
      "arm": "repaired_clock",
      "call_type": "ballot",
      "input_tokens": 4206,
      "output_tokens": 106,
      "disposition": "resolved",
      "finish_reason": "stop"
    },
    {
      "arm": "combined_accounts",
      "call_type": "turn",
      "input_tokens": 3025,
      "output_tokens": 473,
      "disposition": "resolved",
      "finish_reason": "stop"
    },
    {
      "arm": "combined_accounts",
      "call_type": "turn",
      "input_tokens": 3803,
      "output_tokens": 389,
      "disposition": "resolved",
      "finish_reason": "stop"
    },
    {
      "arm": "combined_accounts",
      "call_type": "turn",
      "input_tokens": 3356,
      "output_tokens": 253,
      "disposition": "resolved",
      "finish_reason": "stop"
    },
    {
      "arm": "combined_accounts",
      "call_type": "ballot",
      "input_tokens": 4829,
      "output_tokens": 75,
      "disposition": "resolved",
      "finish_reason": "stop"
    },
    {
      "arm": "combined_accounts",
      "call_type": "ballot",
      "input_tokens": 3666,
      "output_tokens": 125,
      "disposition": "resolved",
      "finish_reason": "stop"
    },
    {
      "arm": "combined_accounts",
      "call_type": "ballot",
      "input_tokens": 4767,
      "output_tokens": 118,
      "disposition": "resolved",
      "finish_reason": "stop"
    },
    {
      "arm": "repaired_clock",
      "call_type": "turn",
      "input_tokens": 3110,
      "output_tokens": 320,
      "disposition": "resolved",
      "finish_reason": "stop"
    },
    {
      "arm": "repaired_clock",
      "call_type": "turn",
      "input_tokens": 3597,
      "output_tokens": 180,
      "disposition": "resolved",
      "finish_reason": "stop"
    },
    {
      "arm": "repaired_clock",
      "call_type": "turn",
      "input_tokens": 2941,
      "output_tokens": 337,
      "disposition": "resolved",
      "finish_reason": "stop"
    },
    {
      "arm": "repaired_clock",
      "call_type": "ballot",
      "input_tokens": 3465,
      "output_tokens": 105,
      "disposition": "resolved",
      "finish_reason": "stop"
    },
    {
      "arm": "repaired_clock",
      "call_type": "ballot",
      "input_tokens": 3214,
      "output_tokens": 101,
      "disposition": "resolved",
      "finish_reason": "stop"
    },
    {
      "arm": "repaired_clock",
      "call_type": "ballot",
      "input_tokens": 4325,
      "output_tokens": 94,
      "disposition": "resolved",
      "finish_reason": "stop"
    },
    {
      "arm": "combined_accounts",
      "call_type": "turn",
      "input_tokens": 2239,
      "output_tokens": 689,
      "disposition": "resolved",
      "finish_reason": "stop"
    },
    {
      "arm": "combined_accounts",
      "call_type": "turn",
      "input_tokens": 4266,
      "output_tokens": 294,
      "disposition": "resolved",
      "finish_reason": "stop"
    },
    {
      "arm": "combined_accounts",
      "call_type": "turn",
      "input_tokens": 3676,
      "output_tokens": 401,
      "disposition": "resolved",
      "finish_reason": "stop"
    },
    {
      "arm": "combined_accounts",
      "call_type": "ballot",
      "input_tokens": 4446,
      "output_tokens": 73,
      "disposition": "resolved",
      "finish_reason": "stop"
    },
    {
      "arm": "combined_accounts",
      "call_type": "ballot",
      "input_tokens": 4193,
      "output_tokens": 112,
      "disposition": "resolved",
      "finish_reason": "stop"
    },
    {
      "arm": "combined_accounts",
      "call_type": "ballot",
      "input_tokens": 5279,
      "output_tokens": 96,
      "disposition": "resolved",
      "finish_reason": "stop"
    },
    {
      "arm": "repaired_clock",
      "call_type": "turn",
      "input_tokens": 3452,
      "output_tokens": 387,
      "disposition": "resolved",
      "finish_reason": "stop"
    },
    {
      "arm": "repaired_clock",
      "call_type": "turn",
      "input_tokens": 3569,
      "output_tokens": 152,
      "disposition": "resolved",
      "finish_reason": "stop"
    },
    {
      "arm": "repaired_clock",
      "call_type": "turn",
      "input_tokens": 3463,
      "output_tokens": 300,
      "disposition": "resolved",
      "finish_reason": "stop"
    },
    {
      "arm": "repaired_clock",
      "call_type": "ballot",
      "input_tokens": 3778,
      "output_tokens": 100,
      "disposition": "resolved",
      "finish_reason": "stop"
    },
    {
      "arm": "repaired_clock",
      "call_type": "ballot",
      "input_tokens": 4108,
      "output_tokens": 94,
      "disposition": "resolved",
      "finish_reason": "stop"
    },
    {
      "arm": "repaired_clock",
      "call_type": "ballot",
      "input_tokens": 3731,
      "output_tokens": 108,
      "disposition": "resolved",
      "finish_reason": "stop"
    },
    {
      "arm": "combined_accounts",
      "call_type": "turn",
      "input_tokens": 2581,
      "output_tokens": 628,
      "disposition": "resolved",
      "finish_reason": "stop"
    },
    {
      "arm": "combined_accounts",
      "call_type": "turn",
      "input_tokens": 4054,
      "output_tokens": 396,
      "disposition": "resolved",
      "finish_reason": "stop"
    },
    {
      "arm": "combined_accounts",
      "call_type": "turn",
      "input_tokens": 4271,
      "output_tokens": 282,
      "disposition": "resolved",
      "finish_reason": "stop"
    },
    {
      "arm": "combined_accounts",
      "call_type": "ballot",
      "input_tokens": 4683,
      "output_tokens": 103,
      "disposition": "resolved",
      "finish_reason": "stop"
    },
    {
      "arm": "combined_accounts",
      "call_type": "ballot",
      "input_tokens": 5157,
      "output_tokens": 100,
      "disposition": "resolved",
      "finish_reason": "stop"
    },
    {
      "arm": "combined_accounts",
      "call_type": "ballot",
      "input_tokens": 4653,
      "output_tokens": 96,
      "disposition": "resolved",
      "finish_reason": "stop"
    },
    {
      "arm": "repaired_clock",
      "call_type": "turn",
      "input_tokens": 2917,
      "output_tokens": 386,
      "disposition": "resolved",
      "finish_reason": "stop"
    },
    {
      "arm": "repaired_clock",
      "call_type": "turn",
      "input_tokens": 3661,
      "output_tokens": 197,
      "disposition": "resolved",
      "finish_reason": "stop"
    },
    {
      "arm": "repaired_clock",
      "call_type": "turn",
      "input_tokens": 3041,
      "output_tokens": 348,
      "disposition": "resolved",
      "finish_reason": "stop"
    },
    {
      "arm": "repaired_clock",
      "call_type": "ballot",
      "input_tokens": 3315,
      "output_tokens": 109,
      "disposition": "resolved",
      "finish_reason": "stop"
    },
    {
      "arm": "repaired_clock",
      "call_type": "ballot",
      "input_tokens": 4206,
      "output_tokens": 86,
      "disposition": "resolved",
      "finish_reason": "stop"
    },
    {
      "arm": "repaired_clock",
      "call_type": "ballot",
      "input_tokens": 3310,
      "output_tokens": 86,
      "disposition": "resolved",
      "finish_reason": "stop"
    },
    {
      "arm": "combined_accounts",
      "call_type": "turn",
      "input_tokens": 2050,
      "output_tokens": 414,
      "disposition": "resolved",
      "finish_reason": "stop"
    },
    {
      "arm": "combined_accounts",
      "call_type": "turn",
      "input_tokens": 3678,
      "output_tokens": 323,
      "disposition": "resolved",
      "finish_reason": "stop"
    },
    {
      "arm": "combined_accounts",
      "call_type": "turn",
      "input_tokens": 3123,
      "output_tokens": 394,
      "disposition": "resolved",
      "finish_reason": "stop"
    },
    {
      "arm": "combined_accounts",
      "call_type": "ballot",
      "input_tokens": 3617,
      "output_tokens": 95,
      "disposition": "resolved",
      "finish_reason": "stop"
    },
    {
      "arm": "combined_accounts",
      "call_type": "ballot",
      "input_tokens": 4639,
      "output_tokens": 92,
      "disposition": "resolved",
      "finish_reason": "stop"
    },
    {
      "arm": "combined_accounts",
      "call_type": "ballot",
      "input_tokens": 3614,
      "output_tokens": 113,
      "disposition": "resolved",
      "finish_reason": "stop"
    },
    {
      "arm": "repaired_clock",
      "call_type": "turn",
      "input_tokens": 2865,
      "output_tokens": 259,
      "disposition": "resolved",
      "finish_reason": "stop"
    },
    {
      "arm": "repaired_clock",
      "call_type": "turn",
      "input_tokens": 3532,
      "output_tokens": 401,
      "disposition": "resolved",
      "finish_reason": "stop"
    },
    {
      "arm": "repaired_clock",
      "call_type": "turn",
      "input_tokens": 4164,
      "output_tokens": 303,
      "disposition": "resolved",
      "finish_reason": "stop"
    },
    {
      "arm": "repaired_clock",
      "call_type": "ballot",
      "input_tokens": 3243,
      "output_tokens": 96,
      "disposition": "resolved",
      "finish_reason": "stop"
    },
    {
      "arm": "repaired_clock",
      "call_type": "ballot",
      "input_tokens": 3825,
      "output_tokens": 130,
      "disposition": "resolved",
      "finish_reason": "stop"
    },
    {
      "arm": "repaired_clock",
      "call_type": "ballot",
      "input_tokens": 4346,
      "output_tokens": 86,
      "disposition": "resolved",
      "finish_reason": "stop"
    },
    {
      "arm": "combined_accounts",
      "call_type": "turn",
      "input_tokens": 2000,
      "output_tokens": 506,
      "disposition": "resolved",
      "finish_reason": "stop"
    },
    {
      "arm": "combined_accounts",
      "call_type": "turn",
      "input_tokens": 3301,
      "output_tokens": 233,
      "disposition": "resolved",
      "finish_reason": "stop"
    },
    {
      "arm": "combined_accounts",
      "call_type": "turn",
      "input_tokens": 4123,
      "output_tokens": 302,
      "disposition": "resolved",
      "finish_reason": "stop"
    },
    {
      "arm": "combined_accounts",
      "call_type": "ballot",
      "input_tokens": 3343,
      "output_tokens": 95,
      "disposition": "resolved",
      "finish_reason": "stop"
    },
    {
      "arm": "combined_accounts",
      "call_type": "ballot",
      "input_tokens": 3919,
      "output_tokens": 119,
      "disposition": "resolved",
      "finish_reason": "stop"
    },
    {
      "arm": "combined_accounts",
      "call_type": "ballot",
      "input_tokens": 4460,
      "output_tokens": 105,
      "disposition": "resolved",
      "finish_reason": "stop"
    },
    {
      "arm": "repaired_clock",
      "call_type": "turn",
      "input_tokens": 3097,
      "output_tokens": 344,
      "disposition": "resolved",
      "finish_reason": "stop"
    },
    {
      "arm": "repaired_clock",
      "call_type": "turn",
      "input_tokens": 3604,
      "output_tokens": 159,
      "disposition": "resolved",
      "finish_reason": "stop"
    },
    {
      "arm": "repaired_clock",
      "call_type": "turn",
      "input_tokens": 3536,
      "output_tokens": 349,
      "disposition": "resolved",
      "finish_reason": "stop"
    },
    {
      "arm": "repaired_clock",
      "call_type": "ballot",
      "input_tokens": 3382,
      "output_tokens": 105,
      "disposition": "resolved",
      "finish_reason": "stop"
    },
    {
      "arm": "repaired_clock",
      "call_type": "ballot",
      "input_tokens": 4194,
      "output_tokens": 118,
      "disposition": "resolved",
      "finish_reason": "stop"
    },
    {
      "arm": "repaired_clock",
      "call_type": "ballot",
      "input_tokens": 3523,
      "output_tokens": 98,
      "disposition": "resolved",
      "finish_reason": "stop"
    },
    {
      "arm": "combined_accounts",
      "call_type": "turn",
      "input_tokens": 2225,
      "output_tokens": 605,
      "disposition": "resolved",
      "finish_reason": "stop"
    },
    {
      "arm": "combined_accounts",
      "call_type": "turn",
      "input_tokens": 3489,
      "output_tokens": 202,
      "disposition": "resolved",
      "finish_reason": "stop"
    },
    {
      "arm": "combined_accounts",
      "call_type": "turn",
      "input_tokens": 4432,
      "output_tokens": 344,
      "disposition": "resolved",
      "finish_reason": "stop"
    },
    {
      "arm": "combined_accounts",
      "call_type": "ballot",
      "input_tokens": 4061,
      "output_tokens": 102,
      "disposition": "resolved",
      "finish_reason": "stop"
    },
    {
      "arm": "combined_accounts",
      "call_type": "ballot",
      "input_tokens": 4888,
      "output_tokens": 114,
      "disposition": "resolved",
      "finish_reason": "stop"
    },
    {
      "arm": "combined_accounts",
      "call_type": "ballot",
      "input_tokens": 4217,
      "output_tokens": 101,
      "disposition": "resolved",
      "finish_reason": "stop"
    },
    {
      "arm": "repaired_clock",
      "call_type": "turn",
      "input_tokens": 3146,
      "output_tokens": 267,
      "disposition": "resolved",
      "finish_reason": "stop"
    },
    {
      "arm": "repaired_clock",
      "call_type": "turn",
      "input_tokens": 3448,
      "output_tokens": 179,
      "disposition": "resolved",
      "finish_reason": "stop"
    },
    {
      "arm": "repaired_clock",
      "call_type": "turn",
      "input_tokens": 2933,
      "output_tokens": 306,
      "disposition": "resolved",
      "finish_reason": "stop"
    },
    {
      "arm": "repaired_clock",
      "call_type": "ballot",
      "input_tokens": 4343,
      "output_tokens": 98,
      "disposition": "resolved",
      "finish_reason": "stop"
    },
    {
      "arm": "repaired_clock",
      "call_type": "ballot",
      "input_tokens": 3239,
      "output_tokens": 104,
      "disposition": "resolved",
      "finish_reason": "stop"
    },
    {
      "arm": "repaired_clock",
      "call_type": "ballot",
      "input_tokens": 3596,
      "output_tokens": 95,
      "disposition": "resolved",
      "finish_reason": "stop"
    },
    {
      "arm": "combined_accounts",
      "call_type": "turn",
      "input_tokens": 2273,
      "output_tokens": 673,
      "disposition": "resolved",
      "finish_reason": "stop"
    },
    {
      "arm": "combined_accounts",
      "call_type": "turn",
      "input_tokens": 4232,
      "output_tokens": 937,
      "disposition": "resolved",
      "finish_reason": "stop"
    },
    {
      "arm": "combined_accounts",
      "call_type": "turn",
      "input_tokens": 5164,
      "output_tokens": 462,
      "disposition": "resolved",
      "finish_reason": "stop"
    },
    {
      "arm": "combined_accounts",
      "call_type": "ballot",
      "input_tokens": 6713,
      "output_tokens": 119,
      "disposition": "resolved",
      "finish_reason": "stop"
    },
    {
      "arm": "combined_accounts",
      "call_type": "ballot",
      "input_tokens": 5753,
      "output_tokens": 117,
      "disposition": "resolved",
      "finish_reason": "stop"
    },
    {
      "arm": "combined_accounts",
      "call_type": "ballot",
      "input_tokens": 5964,
      "output_tokens": 103,
      "disposition": "resolved",
      "finish_reason": "stop"
    },
    {
      "arm": "repaired_clock",
      "call_type": "turn",
      "input_tokens": 2791,
      "output_tokens": 368,
      "disposition": "resolved",
      "finish_reason": "stop"
    },
    {
      "arm": "repaired_clock",
      "call_type": "turn",
      "input_tokens": 3074,
      "output_tokens": 133,
      "disposition": "resolved",
      "finish_reason": "stop"
    },
    {
      "arm": "repaired_clock",
      "call_type": "turn",
      "input_tokens": 2609,
      "output_tokens": 237,
      "disposition": "resolved",
      "finish_reason": "stop"
    },
    {
      "arm": "repaired_clock",
      "call_type": "ballot",
      "input_tokens": 3541,
      "output_tokens": 73,
      "disposition": "resolved",
      "finish_reason": "stop"
    },
    {
      "arm": "repaired_clock",
      "call_type": "ballot",
      "input_tokens": 2827,
      "output_tokens": 100,
      "disposition": "resolved",
      "finish_reason": "stop"
    },
    {
      "arm": "repaired_clock",
      "call_type": "ballot",
      "input_tokens": 3043,
      "output_tokens": 99,
      "disposition": "resolved",
      "finish_reason": "stop"
    },
    {
      "arm": "combined_accounts",
      "call_type": "turn",
      "input_tokens": 1929,
      "output_tokens": 519,
      "disposition": "resolved",
      "finish_reason": "stop"
    },
    {
      "arm": "combined_accounts",
      "call_type": "turn",
      "input_tokens": 3502,
      "output_tokens": 429,
      "disposition": "resolved",
      "finish_reason": "stop"
    },
    {
      "arm": "combined_accounts",
      "call_type": "turn",
      "input_tokens": 3449,
      "output_tokens": 288,
      "disposition": "resolved",
      "finish_reason": "stop"
    },
    {
      "arm": "combined_accounts",
      "call_type": "ballot",
      "input_tokens": 4670,
      "output_tokens": 97,
      "disposition": "resolved",
      "finish_reason": "stop"
    },
    {
      "arm": "combined_accounts",
      "call_type": "ballot",
      "input_tokens": 3794,
      "output_tokens": 105,
      "disposition": "resolved",
      "finish_reason": "stop"
    },
    {
      "arm": "combined_accounts",
      "call_type": "ballot",
      "input_tokens": 4020,
      "output_tokens": 113,
      "disposition": "resolved",
      "finish_reason": "stop"
    },
    {
      "arm": "repaired_clock",
      "call_type": "turn",
      "input_tokens": 3036,
      "output_tokens": 313,
      "disposition": "resolved",
      "finish_reason": "stop"
    },
    {
      "arm": "repaired_clock",
      "call_type": "turn",
      "input_tokens": 3392,
      "output_tokens": 187,
      "disposition": "resolved",
      "finish_reason": "stop"
    },
    {
      "arm": "repaired_clock",
      "call_type": "turn",
      "input_tokens": 2821,
      "output_tokens": 315,
      "disposition": "resolved",
      "finish_reason": "stop"
    },
    {
      "arm": "repaired_clock",
      "call_type": "ballot",
      "input_tokens": 3121,
      "output_tokens": 96,
      "disposition": "resolved",
      "finish_reason": "stop"
    },
    {
      "arm": "repaired_clock",
      "call_type": "ballot",
      "input_tokens": 3407,
      "output_tokens": 100,
      "disposition": "resolved",
      "finish_reason": "stop"
    },
    {
      "arm": "repaired_clock",
      "call_type": "ballot",
      "input_tokens": 3981,
      "output_tokens": 104,
      "disposition": "resolved",
      "finish_reason": "stop"
    },
    {
      "arm": "combined_accounts",
      "call_type": "turn",
      "input_tokens": 2171,
      "output_tokens": 440,
      "disposition": "resolved",
      "finish_reason": "stop"
    },
    {
      "arm": "combined_accounts",
      "call_type": "turn",
      "input_tokens": 2512,
      "output_tokens": 348,
      "disposition": "resolved",
      "finish_reason": "stop"
    },
    {
      "arm": "combined_accounts",
      "call_type": "turn",
      "input_tokens": 4020,
      "output_tokens": 294,
      "disposition": "resolved",
      "finish_reason": "stop"
    },
    {
      "arm": "combined_accounts",
      "call_type": "ballot",
      "input_tokens": 3289,
      "output_tokens": 86,
      "disposition": "resolved",
      "finish_reason": "stop"
    },
    {
      "arm": "combined_accounts",
      "call_type": "ballot",
      "input_tokens": 3588,
      "output_tokens": 127,
      "disposition": "resolved",
      "finish_reason": "stop"
    },
    {
      "arm": "combined_accounts",
      "call_type": "ballot",
      "input_tokens": 4295,
      "output_tokens": 89,
      "disposition": "resolved",
      "finish_reason": "stop"
    },
    {
      "arm": "repaired_clock",
      "call_type": "turn",
      "input_tokens": 3250,
      "output_tokens": 310,
      "disposition": "resolved",
      "finish_reason": "stop"
    },
    {
      "arm": "repaired_clock",
      "call_type": "turn",
      "input_tokens": 3515,
      "output_tokens": 195,
      "disposition": "resolved",
      "finish_reason": "stop"
    },
    {
      "arm": "repaired_clock",
      "call_type": "turn",
      "input_tokens": 3191,
      "output_tokens": 378,
      "disposition": "resolved",
      "finish_reason": "stop"
    },
    {
      "arm": "repaired_clock",
      "call_type": "ballot",
      "input_tokens": 4149,
      "output_tokens": 126,
      "disposition": "resolved",
      "finish_reason": "stop"
    },
    {
      "arm": "repaired_clock",
      "call_type": "ballot",
      "input_tokens": 3653,
      "output_tokens": 102,
      "disposition": "resolved",
      "finish_reason": "stop"
    },
    {
      "arm": "repaired_clock",
      "call_type": "ballot",
      "input_tokens": 3504,
      "output_tokens": 105,
      "disposition": "resolved",
      "finish_reason": "stop"
    },
    {
      "arm": "combined_accounts",
      "call_type": "turn",
      "input_tokens": 2388,
      "output_tokens": 803,
      "disposition": "resolved",
      "finish_reason": "stop"
    },
    {
      "arm": "combined_accounts",
      "call_type": "turn",
      "input_tokens": 4479,
      "output_tokens": 345,
      "disposition": "resolved",
      "finish_reason": "stop"
    },
    {
      "arm": "combined_accounts",
      "call_type": "turn",
      "input_tokens": 4374,
      "output_tokens": 657,
      "disposition": "resolved",
      "finish_reason": "stop"
    },
    {
      "arm": "combined_accounts",
      "call_type": "ballot",
      "input_tokens": 6002,
      "output_tokens": 76,
      "disposition": "resolved",
      "finish_reason": "stop"
    },
    {
      "arm": "combined_accounts",
      "call_type": "ballot",
      "input_tokens": 5372,
      "output_tokens": 70,
      "disposition": "resolved",
      "finish_reason": "stop"
    },
    {
      "arm": "combined_accounts",
      "call_type": "ballot",
      "input_tokens": 5218,
      "output_tokens": 95,
      "disposition": "resolved",
      "finish_reason": "stop"
    },
    {
      "arm": "repaired_clock",
      "call_type": "turn",
      "input_tokens": 2907,
      "output_tokens": 288,
      "disposition": "resolved",
      "finish_reason": "stop"
    },
    {
      "arm": "repaired_clock",
      "call_type": "turn",
      "input_tokens": 3502,
      "output_tokens": 156,
      "disposition": "resolved",
      "finish_reason": "stop"
    },
    {
      "arm": "repaired_clock",
      "call_type": "turn",
      "input_tokens": 3111,
      "output_tokens": 381,
      "disposition": "resolved",
      "finish_reason": "stop"
    },
    {
      "arm": "repaired_clock",
      "call_type": "ballot",
      "input_tokens": 3230,
      "output_tokens": 99,
      "disposition": "resolved",
      "finish_reason": "stop"
    },
    {
      "arm": "repaired_clock",
      "call_type": "ballot",
      "input_tokens": 4216,
      "output_tokens": 140,
      "disposition": "resolved",
      "finish_reason": "stop"
    },
    {
      "arm": "repaired_clock",
      "call_type": "ballot",
      "input_tokens": 3416,
      "output_tokens": 116,
      "disposition": "resolved",
      "finish_reason": "stop"
    },
    {
      "arm": "combined_accounts",
      "call_type": "turn",
      "input_tokens": 2042,
      "output_tokens": 591,
      "disposition": "resolved",
      "finish_reason": "stop"
    },
    {
      "arm": "combined_accounts",
      "call_type": "turn",
      "input_tokens": 4072,
      "output_tokens": 435,
      "disposition": "resolved",
      "finish_reason": "stop"
    },
    {
      "arm": "combined_accounts",
      "call_type": "turn",
      "input_tokens": 3990,
      "output_tokens": 458,
      "disposition": "resolved",
      "finish_reason": "stop"
    },
    {
      "arm": "combined_accounts",
      "call_type": "ballot",
      "input_tokens": 4485,
      "output_tokens": 113,
      "disposition": "resolved",
      "finish_reason": "stop"
    },
    {
      "arm": "combined_accounts",
      "call_type": "ballot",
      "input_tokens": 5481,
      "output_tokens": 72,
      "disposition": "resolved",
      "finish_reason": "stop"
    },
    {
      "arm": "combined_accounts",
      "call_type": "ballot",
      "input_tokens": 4674,
      "output_tokens": 90,
      "disposition": "resolved",
      "finish_reason": "stop"
    },
    {
      "arm": "repaired_clock",
      "call_type": "turn",
      "input_tokens": 3019,
      "output_tokens": 300,
      "disposition": "resolved",
      "finish_reason": "stop"
    },
    {
      "arm": "repaired_clock",
      "call_type": "turn",
      "input_tokens": 3362,
      "output_tokens": 149,
      "disposition": "resolved",
      "finish_reason": "stop"
    },
    {
      "arm": "repaired_clock",
      "call_type": "turn",
      "input_tokens": 2983,
      "output_tokens": 324,
      "disposition": "resolved",
      "finish_reason": "stop"
    },
    {
      "arm": "repaired_clock",
      "call_type": "ballot",
      "input_tokens": 3262,
      "output_tokens": 111,
      "disposition": "resolved",
      "finish_reason": "stop"
    },
    {
      "arm": "repaired_clock",
      "call_type": "ballot",
      "input_tokens": 3324,
      "output_tokens": 94,
      "disposition": "resolved",
      "finish_reason": "stop"
    },
    {
      "arm": "repaired_clock",
      "call_type": "ballot",
      "input_tokens": 3908,
      "output_tokens": 100,
      "disposition": "resolved",
      "finish_reason": "stop"
    },
    {
      "arm": "combined_accounts",
      "call_type": "turn",
      "input_tokens": 2148,
      "output_tokens": 471,
      "disposition": "resolved",
      "finish_reason": "stop"
    },
    {
      "arm": "combined_accounts",
      "call_type": "turn",
      "input_tokens": 3722,
      "output_tokens": 231,
      "disposition": "resolved",
      "finish_reason": "stop"
    },
    {
      "arm": "combined_accounts",
      "call_type": "turn",
      "input_tokens": 3226,
      "output_tokens": 435,
      "disposition": "resolved",
      "finish_reason": "stop"
    },
    {
      "arm": "combined_accounts",
      "call_type": "ballot",
      "input_tokens": 3767,
      "output_tokens": 99,
      "disposition": "resolved",
      "finish_reason": "stop"
    },
    {
      "arm": "combined_accounts",
      "call_type": "ballot",
      "input_tokens": 3829,
      "output_tokens": 103,
      "disposition": "resolved",
      "finish_reason": "stop"
    },
    {
      "arm": "combined_accounts",
      "call_type": "ballot",
      "input_tokens": 4546,
      "output_tokens": 106,
      "disposition": "resolved",
      "finish_reason": "stop"
    },
    {
      "arm": "repaired_clock",
      "call_type": "turn",
      "input_tokens": 2970,
      "output_tokens": 391,
      "disposition": "resolved",
      "finish_reason": "stop"
    },
    {
      "arm": "repaired_clock",
      "call_type": "turn",
      "input_tokens": 2839,
      "output_tokens": 349,
      "disposition": "resolved",
      "finish_reason": "stop"
    },
    {
      "arm": "repaired_clock",
      "call_type": "turn",
      "input_tokens": 3894,
      "output_tokens": 335,
      "disposition": "resolved",
      "finish_reason": "stop"
    },
    {
      "arm": "repaired_clock",
      "call_type": "ballot",
      "input_tokens": 2845,
      "output_tokens": 70,
      "disposition": "resolved",
      "finish_reason": "stop"
    },
    {
      "arm": "repaired_clock",
      "call_type": "ballot",
      "input_tokens": 3913,
      "output_tokens": 104,
      "disposition": "resolved",
      "finish_reason": "stop"
    },
    {
      "arm": "repaired_clock",
      "call_type": "ballot",
      "input_tokens": 3247,
      "output_tokens": 104,
      "disposition": "resolved",
      "finish_reason": "stop"
    },
    {
      "arm": "combined_accounts",
      "call_type": "turn",
      "input_tokens": 2108,
      "output_tokens": 486,
      "disposition": "resolved",
      "finish_reason": "stop"
    },
    {
      "arm": "combined_accounts",
      "call_type": "turn",
      "input_tokens": 3481,
      "output_tokens": 398,
      "disposition": "resolved",
      "finish_reason": "stop"
    },
    {
      "arm": "combined_accounts",
      "call_type": "turn",
      "input_tokens": 3022,
      "output_tokens": 218,
      "disposition": "resolved",
      "finish_reason": "stop"
    },
    {
      "arm": "combined_accounts",
      "call_type": "ballot",
      "input_tokens": 3276,
      "output_tokens": 101,
      "disposition": "resolved",
      "finish_reason": "stop"
    },
    {
      "arm": "combined_accounts",
      "call_type": "ballot",
      "input_tokens": 4344,
      "output_tokens": 104,
      "disposition": "resolved",
      "finish_reason": "stop"
    },
    {
      "arm": "combined_accounts",
      "call_type": "ballot",
      "input_tokens": 3681,
      "output_tokens": 107,
      "disposition": "resolved",
      "finish_reason": "stop"
    },
    {
      "arm": "repaired_clock",
      "call_type": "turn",
      "input_tokens": 3282,
      "output_tokens": 323,
      "disposition": "resolved",
      "finish_reason": "stop"
    },
    {
      "arm": "repaired_clock",
      "call_type": "turn",
      "input_tokens": 3571,
      "output_tokens": 207,
      "disposition": "resolved",
      "finish_reason": "stop"
    },
    {
      "arm": "repaired_clock",
      "call_type": "turn",
      "input_tokens": 3081,
      "output_tokens": 380,
      "disposition": "resolved",
      "finish_reason": "stop"
    },
    {
      "arm": "repaired_clock",
      "call_type": "ballot",
      "input_tokens": 3650,
      "output_tokens": 105,
      "disposition": "resolved",
      "finish_reason": "stop"
    },
    {
      "arm": "repaired_clock",
      "call_type": "ballot",
      "input_tokens": 4203,
      "output_tokens": 101,
      "disposition": "resolved",
      "finish_reason": "stop"
    },
    {
      "arm": "repaired_clock",
      "call_type": "ballot",
      "input_tokens": 3370,
      "output_tokens": 103,
      "disposition": "resolved",
      "finish_reason": "stop"
    },
    {
      "arm": "combined_accounts",
      "call_type": "turn",
      "input_tokens": 2415,
      "output_tokens": 539,
      "disposition": "resolved",
      "finish_reason": "stop"
    },
    {
      "arm": "combined_accounts",
      "call_type": "turn",
      "input_tokens": 3979,
      "output_tokens": 364,
      "disposition": "resolved",
      "finish_reason": "stop"
    },
    {
      "arm": "combined_accounts",
      "call_type": "turn",
      "input_tokens": 3490,
      "output_tokens": 468,
      "disposition": "resolved",
      "finish_reason": "stop"
    },
    {
      "arm": "combined_accounts",
      "call_type": "ballot",
      "input_tokens": 4389,
      "output_tokens": 80,
      "disposition": "resolved",
      "finish_reason": "stop"
    },
    {
      "arm": "combined_accounts",
      "call_type": "ballot",
      "input_tokens": 5073,
      "output_tokens": 99,
      "disposition": "resolved",
      "finish_reason": "stop"
    },
    {
      "arm": "combined_accounts",
      "call_type": "ballot",
      "input_tokens": 4115,
      "output_tokens": 102,
      "disposition": "resolved",
      "finish_reason": "stop"
    },
    {
      "arm": "repaired_clock",
      "call_type": "turn",
      "input_tokens": 3251,
      "output_tokens": 357,
      "disposition": "resolved",
      "finish_reason": "stop"
    },
    {
      "arm": "repaired_clock",
      "call_type": "turn",
      "input_tokens": 3265,
      "output_tokens": 163,
      "disposition": "resolved",
      "finish_reason": "stop"
    },
    {
      "arm": "repaired_clock",
      "call_type": "turn",
      "input_tokens": 3113,
      "output_tokens": 472,
      "disposition": "resolved",
      "finish_reason": "stop"
    },
    {
      "arm": "repaired_clock",
      "call_type": "ballot",
      "input_tokens": 3904,
      "output_tokens": 104,
      "disposition": "resolved",
      "finish_reason": "stop"
    },
    {
      "arm": "repaired_clock",
      "call_type": "ballot",
      "input_tokens": 3466,
      "output_tokens": 94,
      "disposition": "resolved",
      "finish_reason": "stop"
    },
    {
      "arm": "repaired_clock",
      "call_type": "ballot",
      "input_tokens": 3667,
      "output_tokens": 98,
      "disposition": "resolved",
      "finish_reason": "stop"
    },
    {
      "arm": "combined_accounts",
      "call_type": "turn",
      "input_tokens": 2379,
      "output_tokens": 575,
      "disposition": "resolved",
      "finish_reason": "stop"
    },
    {
      "arm": "combined_accounts",
      "call_type": "turn",
      "input_tokens": 3645,
      "output_tokens": 243,
      "disposition": "resolved",
      "finish_reason": "stop"
    },
    {
      "arm": "combined_accounts",
      "call_type": "turn",
      "input_tokens": 3503,
      "output_tokens": 526,
      "disposition": "resolved",
      "finish_reason": "stop"
    },
    {
      "arm": "combined_accounts",
      "call_type": "ballot",
      "input_tokens": 4769,
      "output_tokens": 98,
      "disposition": "resolved",
      "finish_reason": "stop"
    },
    {
      "arm": "combined_accounts",
      "call_type": "ballot",
      "input_tokens": 4205,
      "output_tokens": 101,
      "disposition": "resolved",
      "finish_reason": "stop"
    },
    {
      "arm": "combined_accounts",
      "call_type": "ballot",
      "input_tokens": 4401,
      "output_tokens": 103,
      "disposition": "resolved",
      "finish_reason": "stop"
    },
    {
      "arm": "repaired_clock",
      "call_type": "turn",
      "input_tokens": 2972,
      "output_tokens": 270,
      "disposition": "resolved",
      "finish_reason": "stop"
    },
    {
      "arm": "repaired_clock",
      "call_type": "turn",
      "input_tokens": 3481,
      "output_tokens": 148,
      "disposition": "resolved",
      "finish_reason": "stop"
    },
    {
      "arm": "repaired_clock",
      "call_type": "turn",
      "input_tokens": 3613,
      "output_tokens": 451,
      "disposition": "resolved",
      "finish_reason": "stop"
    },
    {
      "arm": "repaired_clock",
      "call_type": "ballot",
      "input_tokens": 3283,
      "output_tokens": 107,
      "disposition": "resolved",
      "finish_reason": "stop"
    },
    {
      "arm": "repaired_clock",
      "call_type": "ballot",
      "input_tokens": 3715,
      "output_tokens": 137,
      "disposition": "resolved",
      "finish_reason": "stop"
    },
    {
      "arm": "repaired_clock",
      "call_type": "ballot",
      "input_tokens": 4223,
      "output_tokens": 93,
      "disposition": "resolved",
      "finish_reason": "stop"
    },
    {
      "arm": "combined_accounts",
      "call_type": "turn",
      "input_tokens": 2107,
      "output_tokens": 547,
      "disposition": "resolved",
      "finish_reason": "stop"
    },
    {
      "arm": "combined_accounts",
      "call_type": "turn",
      "input_tokens": 4108,
      "output_tokens": 303,
      "disposition": "resolved",
      "finish_reason": "stop"
    },
    {
      "arm": "combined_accounts",
      "call_type": "turn",
      "input_tokens": 4123,
      "output_tokens": 276,
      "disposition": "resolved",
      "finish_reason": "stop"
    },
    {
      "arm": "combined_accounts",
      "call_type": "ballot",
      "input_tokens": 3979,
      "output_tokens": 122,
      "disposition": "resolved",
      "finish_reason": "stop"
    },
    {
      "arm": "combined_accounts",
      "call_type": "ballot",
      "input_tokens": 4439,
      "output_tokens": 104,
      "disposition": "resolved",
      "finish_reason": "stop"
    },
    {
      "arm": "combined_accounts",
      "call_type": "ballot",
      "input_tokens": 4947,
      "output_tokens": 110,
      "disposition": "resolved",
      "finish_reason": "stop"
    },
    {
      "arm": "repaired_clock",
      "call_type": "turn",
      "input_tokens": 3816,
      "output_tokens": 366,
      "disposition": "resolved",
      "finish_reason": "stop"
    },
    {
      "arm": "repaired_clock",
      "call_type": "turn",
      "input_tokens": 3629,
      "output_tokens": 151,
      "disposition": "resolved",
      "finish_reason": "stop"
    },
    {
      "arm": "repaired_clock",
      "call_type": "turn",
      "input_tokens": 2943,
      "output_tokens": 330,
      "disposition": "resolved",
      "finish_reason": "stop"
    },
    {
      "arm": "repaired_clock",
      "call_type": "ballot",
      "input_tokens": 4141,
      "output_tokens": 117,
      "disposition": "resolved",
      "finish_reason": "stop"
    },
    {
      "arm": "repaired_clock",
      "call_type": "ballot",
      "input_tokens": 3215,
      "output_tokens": 120,
      "disposition": "resolved",
      "finish_reason": "stop"
    },
    {
      "arm": "repaired_clock",
      "call_type": "ballot",
      "input_tokens": 4284,
      "output_tokens": 116,
      "disposition": "resolved",
      "finish_reason": "stop"
    },
    {
      "arm": "combined_accounts",
      "call_type": "turn",
      "input_tokens": 2953,
      "output_tokens": 461,
      "disposition": "resolved",
      "finish_reason": "stop"
    },
    {
      "arm": "combined_accounts",
      "call_type": "turn",
      "input_tokens": 3933,
      "output_tokens": 441,
      "disposition": "resolved",
      "finish_reason": "stop"
    },
    {
      "arm": "combined_accounts",
      "call_type": "turn",
      "input_tokens": 3725,
      "output_tokens": 460,
      "disposition": "resolved",
      "finish_reason": "stop"
    },
    {
      "arm": "combined_accounts",
      "call_type": "ballot",
      "input_tokens": 5214,
      "output_tokens": 104,
      "disposition": "resolved",
      "finish_reason": "stop"
    },
    {
      "arm": "combined_accounts",
      "call_type": "ballot",
      "input_tokens": 4272,
      "output_tokens": 106,
      "disposition": "resolved",
      "finish_reason": "stop"
    },
    {
      "arm": "combined_accounts",
      "call_type": "ballot",
      "input_tokens": 5348,
      "output_tokens": 130,
      "disposition": "resolved",
      "finish_reason": "stop"
    },
    {
      "arm": "repaired_clock",
      "call_type": "turn",
      "input_tokens": 3186,
      "output_tokens": 354,
      "disposition": "resolved",
      "finish_reason": "stop"
    },
    {
      "arm": "repaired_clock",
      "call_type": "turn",
      "input_tokens": 3381,
      "output_tokens": 150,
      "disposition": "resolved",
      "finish_reason": "stop"
    },
    {
      "arm": "repaired_clock",
      "call_type": "turn",
      "input_tokens": 2821,
      "output_tokens": 319,
      "disposition": "resolved",
      "finish_reason": "stop"
    },
    {
      "arm": "repaired_clock",
      "call_type": "ballot",
      "input_tokens": 3098,
      "output_tokens": 117,
      "disposition": "resolved",
      "finish_reason": "stop"
    },
    {
      "arm": "repaired_clock",
      "call_type": "ballot",
      "input_tokens": 3914,
      "output_tokens": 102,
      "disposition": "resolved",
      "finish_reason": "stop"
    },
    {
      "arm": "repaired_clock",
      "call_type": "ballot",
      "input_tokens": 3514,
      "output_tokens": 101,
      "disposition": "resolved",
      "finish_reason": "stop"
    },
    {
      "arm": "combined_accounts",
      "call_type": "turn",
      "input_tokens": 2324,
      "output_tokens": 708,
      "disposition": "resolved",
      "finish_reason": "stop"
    },
    {
      "arm": "combined_accounts",
      "call_type": "turn",
      "input_tokens": 4102,
      "output_tokens": 682,
      "disposition": "resolved",
      "finish_reason": "stop"
    },
    {
      "arm": "combined_accounts",
      "call_type": "turn",
      "input_tokens": 4446,
      "output_tokens": 394,
      "disposition": "resolved",
      "finish_reason": "stop"
    },
    {
      "arm": "combined_accounts",
      "call_type": "ballot",
      "input_tokens": 4908,
      "output_tokens": 68,
      "disposition": "resolved",
      "finish_reason": "stop"
    },
    {
      "arm": "combined_accounts",
      "call_type": "ballot",
      "input_tokens": 5857,
      "output_tokens": 74,
      "disposition": "resolved",
      "finish_reason": "stop"
    },
    {
      "arm": "combined_accounts",
      "call_type": "ballot",
      "input_tokens": 5325,
      "output_tokens": 103,
      "disposition": "resolved",
      "finish_reason": "stop"
    },
    {
      "arm": "repaired_clock",
      "call_type": "turn",
      "input_tokens": 3021,
      "output_tokens": 335,
      "disposition": "resolved",
      "finish_reason": "stop"
    },
    {
      "arm": "repaired_clock",
      "call_type": "turn",
      "input_tokens": 3220,
      "output_tokens": 147,
      "disposition": "resolved",
      "finish_reason": "stop"
    },
    {
      "arm": "repaired_clock",
      "call_type": "turn",
      "input_tokens": 2675,
      "output_tokens": 340,
      "disposition": "resolved",
      "finish_reason": "stop"
    },
    {
      "arm": "repaired_clock",
      "call_type": "ballot",
      "input_tokens": 3795,
      "output_tokens": 95,
      "disposition": "resolved",
      "finish_reason": "stop"
    },
    {
      "arm": "repaired_clock",
      "call_type": "ballot",
      "input_tokens": 3351,
      "output_tokens": 92,
      "disposition": "resolved",
      "finish_reason": "stop"
    },
    {
      "arm": "repaired_clock",
      "call_type": "ballot",
      "input_tokens": 2966,
      "output_tokens": 113,
      "disposition": "resolved",
      "finish_reason": "stop"
    },
    {
      "arm": "combined_accounts",
      "call_type": "turn",
      "input_tokens": 2154,
      "output_tokens": 497,
      "disposition": "resolved",
      "finish_reason": "stop"
    },
    {
      "arm": "combined_accounts",
      "call_type": "turn",
      "input_tokens": 3477,
      "output_tokens": 272,
      "disposition": "resolved",
      "finish_reason": "stop"
    },
    {
      "arm": "combined_accounts",
      "call_type": "turn",
      "input_tokens": 2877,
      "output_tokens": 326,
      "disposition": "resolved",
      "finish_reason": "stop"
    },
    {
      "arm": "combined_accounts",
      "call_type": "ballot",
      "input_tokens": 4199,
      "output_tokens": 96,
      "disposition": "resolved",
      "finish_reason": "stop"
    },
    {
      "arm": "combined_accounts",
      "call_type": "ballot",
      "input_tokens": 3625,
      "output_tokens": 109,
      "disposition": "resolved",
      "finish_reason": "stop"
    },
    {
      "arm": "combined_accounts",
      "call_type": "ballot",
      "input_tokens": 3242,
      "output_tokens": 101,
      "disposition": "resolved",
      "finish_reason": "stop"
    },
    {
      "arm": "repaired_clock",
      "call_type": "turn",
      "input_tokens": 2989,
      "output_tokens": 272,
      "disposition": "resolved",
      "finish_reason": "stop"
    },
    {
      "arm": "repaired_clock",
      "call_type": "turn",
      "input_tokens": 3342,
      "output_tokens": 167,
      "disposition": "resolved",
      "finish_reason": "stop"
    },
    {
      "arm": "repaired_clock",
      "call_type": "turn",
      "input_tokens": 2743,
      "output_tokens": 376,
      "disposition": "resolved",
      "finish_reason": "stop"
    },
    {
      "arm": "repaired_clock",
      "call_type": "ballot",
      "input_tokens": 3299,
      "output_tokens": 115,
      "disposition": "resolved",
      "finish_reason": "stop"
    },
    {
      "arm": "repaired_clock",
      "call_type": "ballot",
      "input_tokens": 3043,
      "output_tokens": 114,
      "disposition": "resolved",
      "finish_reason": "stop"
    },
    {
      "arm": "repaired_clock",
      "call_type": "ballot",
      "input_tokens": 3949,
      "output_tokens": 104,
      "disposition": "resolved",
      "finish_reason": "stop"
    },
    {
      "arm": "combined_accounts",
      "call_type": "turn",
      "input_tokens": 2129,
      "output_tokens": 404,
      "disposition": "resolved",
      "finish_reason": "stop"
    },
    {
      "arm": "combined_accounts",
      "call_type": "turn",
      "input_tokens": 3470,
      "output_tokens": 276,
      "disposition": "resolved",
      "finish_reason": "stop"
    },
    {
      "arm": "combined_accounts",
      "call_type": "turn",
      "input_tokens": 2799,
      "output_tokens": 301,
      "disposition": "resolved",
      "finish_reason": "stop"
    },
    {
      "arm": "combined_accounts",
      "call_type": "ballot",
      "input_tokens": 3413,
      "output_tokens": 105,
      "disposition": "resolved",
      "finish_reason": "stop"
    },
    {
      "arm": "combined_accounts",
      "call_type": "ballot",
      "input_tokens": 3154,
      "output_tokens": 106,
      "disposition": "resolved",
      "finish_reason": "stop"
    },
    {
      "arm": "combined_accounts",
      "call_type": "ballot",
      "input_tokens": 4186,
      "output_tokens": 99,
      "disposition": "resolved",
      "finish_reason": "stop"
    },
    {
      "arm": "repaired_clock",
      "call_type": "turn",
      "input_tokens": 3124,
      "output_tokens": 330,
      "disposition": "resolved",
      "finish_reason": "stop"
    },
    {
      "arm": "repaired_clock",
      "call_type": "turn",
      "input_tokens": 3382,
      "output_tokens": 163,
      "disposition": "resolved",
      "finish_reason": "stop"
    },
    {
      "arm": "repaired_clock",
      "call_type": "turn",
      "input_tokens": 3398,
      "output_tokens": 328,
      "disposition": "resolved",
      "finish_reason": "stop"
    },
    {
      "arm": "repaired_clock",
      "call_type": "ballot",
      "input_tokens": 3733,
      "output_tokens": 98,
      "disposition": "resolved",
      "finish_reason": "stop"
    },
    {
      "arm": "repaired_clock",
      "call_type": "ballot",
      "input_tokens": 3458,
      "output_tokens": 101,
      "disposition": "resolved",
      "finish_reason": "stop"
    },
    {
      "arm": "repaired_clock",
      "call_type": "ballot",
      "input_tokens": 4095,
      "output_tokens": 108,
      "disposition": "resolved",
      "finish_reason": "stop"
    },
    {
      "arm": "combined_accounts",
      "call_type": "turn",
      "input_tokens": 2257,
      "output_tokens": 564,
      "disposition": "resolved",
      "finish_reason": "stop"
    },
    {
      "arm": "combined_accounts",
      "call_type": "turn",
      "input_tokens": 4001,
      "output_tokens": 337,
      "disposition": "resolved",
      "finish_reason": "stop"
    },
    {
      "arm": "combined_accounts",
      "call_type": "turn",
      "input_tokens": 4187,
      "output_tokens": 544,
      "disposition": "resolved",
      "finish_reason": "stop"
    },
    {
      "arm": "combined_accounts",
      "call_type": "ballot",
      "input_tokens": 4979,
      "output_tokens": 110,
      "disposition": "resolved",
      "finish_reason": "stop"
    },
    {
      "arm": "combined_accounts",
      "call_type": "ballot",
      "input_tokens": 4737,
      "output_tokens": 72,
      "disposition": "resolved",
      "finish_reason": "stop"
    },
    {
      "arm": "combined_accounts",
      "call_type": "ballot",
      "input_tokens": 5382,
      "output_tokens": 96,
      "disposition": "resolved",
      "finish_reason": "stop"
    },
    {
      "arm": "repaired_clock",
      "call_type": "turn",
      "input_tokens": 3579,
      "output_tokens": 289,
      "disposition": "resolved",
      "finish_reason": "stop"
    },
    {
      "arm": "repaired_clock",
      "call_type": "turn",
      "input_tokens": 3549,
      "output_tokens": 175,
      "disposition": "resolved",
      "finish_reason": "stop"
    },
    {
      "arm": "repaired_clock",
      "call_type": "turn",
      "input_tokens": 3285,
      "output_tokens": 540,
      "disposition": "resolved",
      "finish_reason": "stop"
    },
    {
      "arm": "repaired_clock",
      "call_type": "ballot",
      "input_tokens": 3690,
      "output_tokens": 97,
      "disposition": "resolved",
      "finish_reason": "stop"
    },
    {
      "arm": "repaired_clock",
      "call_type": "ballot",
      "input_tokens": 3994,
      "output_tokens": 71,
      "disposition": "resolved",
      "finish_reason": "stop"
    },
    {
      "arm": "repaired_clock",
      "call_type": "ballot",
      "input_tokens": 4304,
      "output_tokens": 92,
      "disposition": "resolved",
      "finish_reason": "stop"
    },
    {
      "arm": "combined_accounts",
      "call_type": "turn",
      "input_tokens": 2714,
      "output_tokens": 505,
      "disposition": "resolved",
      "finish_reason": "stop"
    },
    {
      "arm": "combined_accounts",
      "call_type": "turn",
      "input_tokens": 3915,
      "output_tokens": 284,
      "disposition": "resolved",
      "finish_reason": "stop"
    },
    {
      "arm": "combined_accounts",
      "call_type": "turn",
      "input_tokens": 3646,
      "output_tokens": 367,
      "disposition": "resolved",
      "finish_reason": "stop"
    },
    {
      "arm": "combined_accounts",
      "call_type": "ballot",
      "input_tokens": 4207,
      "output_tokens": 103,
      "disposition": "resolved",
      "finish_reason": "stop"
    },
    {
      "arm": "combined_accounts",
      "call_type": "ballot",
      "input_tokens": 4513,
      "output_tokens": 101,
      "disposition": "resolved",
      "finish_reason": "stop"
    },
    {
      "arm": "combined_accounts",
      "call_type": "ballot",
      "input_tokens": 4955,
      "output_tokens": 71,
      "disposition": "resolved",
      "finish_reason": "stop"
    },
    {
      "arm": "repaired_clock",
      "call_type": "turn",
      "input_tokens": 3248,
      "output_tokens": 283,
      "disposition": "resolved",
      "finish_reason": "stop"
    },
    {
      "arm": "repaired_clock",
      "call_type": "turn",
      "input_tokens": 3498,
      "output_tokens": 162,
      "disposition": "resolved",
      "finish_reason": "stop"
    },
    {
      "arm": "repaired_clock",
      "call_type": "turn",
      "input_tokens": 3423,
      "output_tokens": 383,
      "disposition": "resolved",
      "finish_reason": "stop"
    },
    {
      "arm": "repaired_clock",
      "call_type": "ballot",
      "input_tokens": 3774,
      "output_tokens": 94,
      "disposition": "resolved",
      "finish_reason": "stop"
    },
    {
      "arm": "repaired_clock",
      "call_type": "ballot",
      "input_tokens": 4244,
      "output_tokens": 99,
      "disposition": "resolved",
      "finish_reason": "stop"
    },
    {
      "arm": "repaired_clock",
      "call_type": "ballot",
      "input_tokens": 3576,
      "output_tokens": 89,
      "disposition": "resolved",
      "finish_reason": "stop"
    },
    {
      "arm": "combined_accounts",
      "call_type": "turn",
      "input_tokens": 2392,
      "output_tokens": 453,
      "disposition": "resolved",
      "finish_reason": "stop"
    },
    {
      "arm": "combined_accounts",
      "call_type": "turn",
      "input_tokens": 3782,
      "output_tokens": 310,
      "disposition": "resolved",
      "finish_reason": "stop"
    },
    {
      "arm": "combined_accounts",
      "call_type": "turn",
      "input_tokens": 3813,
      "output_tokens": 572,
      "disposition": "resolved",
      "finish_reason": "stop"
    },
    {
      "arm": "combined_accounts",
      "call_type": "ballot",
      "input_tokens": 4632,
      "output_tokens": 100,
      "disposition": "resolved",
      "finish_reason": "stop"
    },
    {
      "arm": "combined_accounts",
      "call_type": "ballot",
      "input_tokens": 5128,
      "output_tokens": 103,
      "disposition": "resolved",
      "finish_reason": "stop"
    },
    {
      "arm": "combined_accounts",
      "call_type": "ballot",
      "input_tokens": 4466,
      "output_tokens": 71,
      "disposition": "resolved",
      "finish_reason": "stop"
    },
    {
      "arm": "repaired_clock",
      "call_type": "turn",
      "input_tokens": 3253,
      "output_tokens": 284,
      "disposition": "resolved",
      "finish_reason": "stop"
    },
    {
      "arm": "repaired_clock",
      "call_type": "turn",
      "input_tokens": 3467,
      "output_tokens": 124,
      "disposition": "resolved",
      "finish_reason": "stop"
    },
    {
      "arm": "repaired_clock",
      "call_type": "turn",
      "input_tokens": 3179,
      "output_tokens": 438,
      "disposition": "resolved",
      "finish_reason": "stop"
    },
    {
      "arm": "repaired_clock",
      "call_type": "ballot",
      "input_tokens": 3581,
      "output_tokens": 102,
      "disposition": "resolved",
      "finish_reason": "stop"
    },
    {
      "arm": "repaired_clock",
      "call_type": "ballot",
      "input_tokens": 3561,
      "output_tokens": 100,
      "disposition": "resolved",
      "finish_reason": "stop"
    },
    {
      "arm": "repaired_clock",
      "call_type": "ballot",
      "input_tokens": 4193,
      "output_tokens": 75,
      "disposition": "resolved",
      "finish_reason": "stop"
    },
    {
      "arm": "combined_accounts",
      "call_type": "turn",
      "input_tokens": 2391,
      "output_tokens": 656,
      "disposition": "resolved",
      "finish_reason": "stop"
    },
    {
      "arm": "combined_accounts",
      "call_type": "turn",
      "input_tokens": 4233,
      "output_tokens": 383,
      "disposition": "resolved",
      "finish_reason": "stop"
    },
    {
      "arm": "combined_accounts",
      "call_type": "turn",
      "input_tokens": 4336,
      "output_tokens": 411,
      "disposition": "resolved",
      "finish_reason": "stop"
    },
    {
      "arm": "combined_accounts",
      "call_type": "ballot",
      "input_tokens": 4961,
      "output_tokens": 105,
      "disposition": "resolved",
      "finish_reason": "stop"
    },
    {
      "arm": "combined_accounts",
      "call_type": "ballot",
      "input_tokens": 4904,
      "output_tokens": 112,
      "disposition": "resolved",
      "finish_reason": "stop"
    },
    {
      "arm": "combined_accounts",
      "call_type": "ballot",
      "input_tokens": 5578,
      "output_tokens": 99,
      "disposition": "resolved",
      "finish_reason": "stop"
    },
    {
      "arm": "repaired_clock",
      "call_type": "turn",
      "input_tokens": 3154,
      "output_tokens": 365,
      "disposition": "resolved",
      "finish_reason": "stop"
    },
    {
      "arm": "repaired_clock",
      "call_type": "turn",
      "input_tokens": 3507,
      "output_tokens": 164,
      "disposition": "resolved",
      "finish_reason": "stop"
    },
    {
      "arm": "repaired_clock",
      "call_type": "turn",
      "input_tokens": 3132,
      "output_tokens": 228,
      "disposition": "resolved",
      "finish_reason": "stop"
    },
    {
      "arm": "repaired_clock",
      "call_type": "ballot",
      "input_tokens": 3978,
      "output_tokens": 83,
      "disposition": "resolved",
      "finish_reason": "stop"
    },
    {
      "arm": "repaired_clock",
      "call_type": "ballot",
      "input_tokens": 3329,
      "output_tokens": 88,
      "disposition": "resolved",
      "finish_reason": "stop"
    },
    {
      "arm": "repaired_clock",
      "call_type": "ballot",
      "input_tokens": 3420,
      "output_tokens": 101,
      "disposition": "resolved",
      "finish_reason": "stop"
    },
    {
      "arm": "combined_accounts",
      "call_type": "turn",
      "input_tokens": 2294,
      "output_tokens": 470,
      "disposition": "resolved",
      "finish_reason": "stop"
    },
    {
      "arm": "combined_accounts",
      "call_type": "turn",
      "input_tokens": 3679,
      "output_tokens": 317,
      "disposition": "resolved",
      "finish_reason": "stop"
    },
    {
      "arm": "combined_accounts",
      "call_type": "turn",
      "input_tokens": 3325,
      "output_tokens": 444,
      "disposition": "resolved",
      "finish_reason": "stop"
    },
    {
      "arm": "combined_accounts",
      "call_type": "ballot",
      "input_tokens": 4655,
      "output_tokens": 101,
      "disposition": "resolved",
      "finish_reason": "stop"
    },
    {
      "arm": "combined_accounts",
      "call_type": "ballot",
      "input_tokens": 3868,
      "output_tokens": 124,
      "disposition": "resolved",
      "finish_reason": "stop"
    },
    {
      "arm": "combined_accounts",
      "call_type": "ballot",
      "input_tokens": 3964,
      "output_tokens": 97,
      "disposition": "resolved",
      "finish_reason": "stop"
    },
    {
      "arm": "repaired_clock",
      "call_type": "turn",
      "input_tokens": 2759,
      "output_tokens": 253,
      "disposition": "resolved",
      "finish_reason": "stop"
    },
    {
      "arm": "repaired_clock",
      "call_type": "turn",
      "input_tokens": 3527,
      "output_tokens": 198,
      "disposition": "resolved",
      "finish_reason": "stop"
    },
    {
      "arm": "repaired_clock",
      "call_type": "turn",
      "input_tokens": 2888,
      "output_tokens": 426,
      "disposition": "resolved",
      "finish_reason": "stop"
    },
    {
      "arm": "repaired_clock",
      "call_type": "ballot",
      "input_tokens": 4337,
      "output_tokens": 106,
      "disposition": "resolved",
      "finish_reason": "stop"
    },
    {
      "arm": "repaired_clock",
      "call_type": "ballot",
      "input_tokens": 3099,
      "output_tokens": 93,
      "disposition": "resolved",
      "finish_reason": "stop"
    },
    {
      "arm": "repaired_clock",
      "call_type": "ballot",
      "input_tokens": 3213,
      "output_tokens": 111,
      "disposition": "resolved",
      "finish_reason": "stop"
    },
    {
      "arm": "combined_accounts",
      "call_type": "turn",
      "input_tokens": 1886,
      "output_tokens": 332,
      "disposition": "resolved",
      "finish_reason": "stop"
    },
    {
      "arm": "combined_accounts",
      "call_type": "turn",
      "input_tokens": 3626,
      "output_tokens": 306,
      "disposition": "resolved",
      "finish_reason": "stop"
    },
    {
      "arm": "combined_accounts",
      "call_type": "turn",
      "input_tokens": 2879,
      "output_tokens": 500,
      "disposition": "resolved",
      "finish_reason": "stop"
    },
    {
      "arm": "combined_accounts",
      "call_type": "ballot",
      "input_tokens": 4631,
      "output_tokens": 70,
      "disposition": "resolved",
      "finish_reason": "stop"
    },
    {
      "arm": "combined_accounts",
      "call_type": "ballot",
      "input_tokens": 3387,
      "output_tokens": 104,
      "disposition": "resolved",
      "finish_reason": "stop"
    },
    {
      "arm": "combined_accounts",
      "call_type": "ballot",
      "input_tokens": 3495,
      "output_tokens": 102,
      "disposition": "resolved",
      "finish_reason": "stop"
    },
    {
      "arm": "repaired_clock",
      "call_type": "turn",
      "input_tokens": 3550,
      "output_tokens": 255,
      "disposition": "resolved",
      "finish_reason": "stop"
    },
    {
      "arm": "repaired_clock",
      "call_type": "turn",
      "input_tokens": 3438,
      "output_tokens": 159,
      "disposition": "resolved",
      "finish_reason": "stop"
    },
    {
      "arm": "repaired_clock",
      "call_type": "turn",
      "input_tokens": 2855,
      "output_tokens": 300,
      "disposition": "resolved",
      "finish_reason": "stop"
    },
    {
      "arm": "repaired_clock",
      "call_type": "ballot",
      "input_tokens": 3091,
      "output_tokens": 98,
      "disposition": "resolved",
      "finish_reason": "stop"
    },
    {
      "arm": "repaired_clock",
      "call_type": "ballot",
      "input_tokens": 3775,
      "output_tokens": 72,
      "disposition": "resolved",
      "finish_reason": "stop"
    },
    {
      "arm": "repaired_clock",
      "call_type": "ballot",
      "input_tokens": 4000,
      "output_tokens": 104,
      "disposition": "resolved",
      "finish_reason": "stop"
    },
    {
      "arm": "combined_accounts",
      "call_type": "turn",
      "input_tokens": 2685,
      "output_tokens": 881,
      "disposition": "resolved",
      "finish_reason": "stop"
    },
    {
      "arm": "combined_accounts",
      "call_type": "turn",
      "input_tokens": 4710,
      "output_tokens": 548,
      "disposition": "resolved",
      "finish_reason": "stop"
    },
    {
      "arm": "combined_accounts",
      "call_type": "turn",
      "input_tokens": 4760,
      "output_tokens": 364,
      "disposition": "resolved",
      "finish_reason": "stop"
    },
    {
      "arm": "combined_accounts",
      "call_type": "ballot",
      "input_tokens": 5191,
      "output_tokens": 128,
      "disposition": "resolved",
      "finish_reason": "stop"
    },
    {
      "arm": "combined_accounts",
      "call_type": "ballot",
      "input_tokens": 5864,
      "output_tokens": 68,
      "disposition": "resolved",
      "finish_reason": "stop"
    },
    {
      "arm": "combined_accounts",
      "call_type": "ballot",
      "input_tokens": 6227,
      "output_tokens": 109,
      "disposition": "resolved",
      "finish_reason": "stop"
    },
    {
      "arm": "repaired_clock",
      "call_type": "turn",
      "input_tokens": 2892,
      "output_tokens": 352,
      "disposition": "resolved",
      "finish_reason": "stop"
    },
    {
      "arm": "repaired_clock",
      "call_type": "turn",
      "input_tokens": 3332,
      "output_tokens": 186,
      "disposition": "resolved",
      "finish_reason": "stop"
    },
    {
      "arm": "repaired_clock",
      "call_type": "turn",
      "input_tokens": 2845,
      "output_tokens": 418,
      "disposition": "resolved",
      "finish_reason": "stop"
    },
    {
      "arm": "repaired_clock",
      "call_type": "ballot",
      "input_tokens": 3996,
      "output_tokens": 91,
      "disposition": "resolved",
      "finish_reason": "stop"
    },
    {
      "arm": "repaired_clock",
      "call_type": "ballot",
      "input_tokens": 3153,
      "output_tokens": 121,
      "disposition": "resolved",
      "finish_reason": "stop"
    },
    {
      "arm": "repaired_clock",
      "call_type": "ballot",
      "input_tokens": 3256,
      "output_tokens": 99,
      "disposition": "resolved",
      "finish_reason": "stop"
    },
    {
      "arm": "combined_accounts",
      "call_type": "turn",
      "input_tokens": 2027,
      "output_tokens": 550,
      "disposition": "resolved",
      "finish_reason": "stop"
    },
    {
      "arm": "combined_accounts",
      "call_type": "turn",
      "input_tokens": 2886,
      "output_tokens": 330,
      "disposition": "resolved",
      "finish_reason": "stop"
    },
    {
      "arm": "combined_accounts",
      "call_type": "turn",
      "input_tokens": 4361,
      "output_tokens": 365,
      "disposition": "resolved",
      "finish_reason": "stop"
    },
    {
      "arm": "combined_accounts",
      "call_type": "ballot",
      "input_tokens": 4881,
      "output_tokens": 95,
      "disposition": "resolved",
      "finish_reason": "stop"
    },
    {
      "arm": "combined_accounts",
      "call_type": "ballot",
      "input_tokens": 3889,
      "output_tokens": 100,
      "disposition": "resolved",
      "finish_reason": "stop"
    },
    {
      "arm": "combined_accounts",
      "call_type": "ballot",
      "input_tokens": 4001,
      "output_tokens": 97,
      "disposition": "resolved",
      "finish_reason": "stop"
    },
    {
      "arm": "repaired_clock",
      "call_type": "turn",
      "input_tokens": 3149,
      "output_tokens": 333,
      "disposition": "resolved",
      "finish_reason": "stop"
    },
    {
      "arm": "repaired_clock",
      "call_type": "turn",
      "input_tokens": 3540,
      "output_tokens": 161,
      "disposition": "resolved",
      "finish_reason": "stop"
    },
    {
      "arm": "repaired_clock",
      "call_type": "turn",
      "input_tokens": 2791,
      "output_tokens": 301,
      "disposition": "resolved",
      "finish_reason": "stop"
    },
    {
      "arm": "repaired_clock",
      "call_type": "ballot",
      "input_tokens": 3442,
      "output_tokens": 102,
      "disposition": "resolved",
      "finish_reason": "stop"
    },
    {
      "arm": "repaired_clock",
      "call_type": "ballot",
      "input_tokens": 3042,
      "output_tokens": 96,
      "disposition": "resolved",
      "finish_reason": "stop"
    },
    {
      "arm": "repaired_clock",
      "call_type": "ballot",
      "input_tokens": 4082,
      "output_tokens": 99,
      "disposition": "resolved",
      "finish_reason": "stop"
    },
    {
      "arm": "combined_accounts",
      "call_type": "turn",
      "input_tokens": 2287,
      "output_tokens": 453,
      "disposition": "resolved",
      "finish_reason": "stop"
    },
    {
      "arm": "combined_accounts",
      "call_type": "turn",
      "input_tokens": 3769,
      "output_tokens": 238,
      "disposition": "resolved",
      "finish_reason": "stop"
    },
    {
      "arm": "combined_accounts",
      "call_type": "turn",
      "input_tokens": 2885,
      "output_tokens": 459,
      "disposition": "billed_and_refused",
      "finish_reason": "stop"
    },
    {
      "arm": "combined_accounts",
      "call_type": "ballot",
      "input_tokens": 3234,
      "output_tokens": 107,
      "disposition": "resolved",
      "finish_reason": "stop"
    },
    {
      "arm": "combined_accounts",
      "call_type": "ballot",
      "input_tokens": 2842,
      "output_tokens": 95,
      "disposition": "resolved",
      "finish_reason": "stop"
    },
    {
      "arm": "combined_accounts",
      "call_type": "ballot",
      "input_tokens": 4011,
      "output_tokens": 124,
      "disposition": "resolved",
      "finish_reason": "stop"
    },
    {
      "arm": "repaired_clock",
      "call_type": "turn",
      "input_tokens": 2909,
      "output_tokens": 286,
      "disposition": "resolved",
      "finish_reason": "stop"
    },
    {
      "arm": "repaired_clock",
      "call_type": "turn",
      "input_tokens": 3460,
      "output_tokens": 162,
      "disposition": "resolved",
      "finish_reason": "stop"
    },
    {
      "arm": "repaired_clock",
      "call_type": "turn",
      "input_tokens": 3364,
      "output_tokens": 329,
      "disposition": "resolved",
      "finish_reason": "stop"
    },
    {
      "arm": "repaired_clock",
      "call_type": "ballot",
      "input_tokens": 4021,
      "output_tokens": 84,
      "disposition": "resolved",
      "finish_reason": "stop"
    },
    {
      "arm": "repaired_clock",
      "call_type": "ballot",
      "input_tokens": 3633,
      "output_tokens": 96,
      "disposition": "resolved",
      "finish_reason": "stop"
    },
    {
      "arm": "repaired_clock",
      "call_type": "ballot",
      "input_tokens": 3193,
      "output_tokens": 80,
      "disposition": "resolved",
      "finish_reason": "stop"
    },
    {
      "arm": "combined_accounts",
      "call_type": "turn",
      "input_tokens": 2049,
      "output_tokens": 527,
      "disposition": "resolved",
      "finish_reason": "stop"
    },
    {
      "arm": "combined_accounts",
      "call_type": "turn",
      "input_tokens": 4044,
      "output_tokens": 379,
      "disposition": "resolved",
      "finish_reason": "stop"
    },
    {
      "arm": "combined_accounts",
      "call_type": "turn",
      "input_tokens": 4181,
      "output_tokens": 571,
      "disposition": "resolved",
      "finish_reason": "stop"
    },
    {
      "arm": "combined_accounts",
      "call_type": "ballot",
      "input_tokens": 5543,
      "output_tokens": 100,
      "disposition": "resolved",
      "finish_reason": "stop"
    },
    {
      "arm": "combined_accounts",
      "call_type": "ballot",
      "input_tokens": 5006,
      "output_tokens": 71,
      "disposition": "resolved",
      "finish_reason": "stop"
    },
    {
      "arm": "combined_accounts",
      "call_type": "ballot",
      "input_tokens": 4582,
      "output_tokens": 103,
      "disposition": "resolved",
      "finish_reason": "stop"
    },
    {
      "arm": "repaired_clock",
      "call_type": "turn",
      "input_tokens": 3717,
      "output_tokens": 301,
      "disposition": "resolved",
      "finish_reason": "stop"
    },
    {
      "arm": "repaired_clock",
      "call_type": "turn",
      "input_tokens": 3251,
      "output_tokens": 150,
      "disposition": "resolved",
      "finish_reason": "stop"
    },
    {
      "arm": "repaired_clock",
      "call_type": "turn",
      "input_tokens": 3110,
      "output_tokens": 350,
      "disposition": "resolved",
      "finish_reason": "stop"
    },
    {
      "arm": "repaired_clock",
      "call_type": "ballot",
      "input_tokens": 3883,
      "output_tokens": 106,
      "disposition": "resolved",
      "finish_reason": "stop"
    },
    {
      "arm": "repaired_clock",
      "call_type": "ballot",
      "input_tokens": 4037,
      "output_tokens": 87,
      "disposition": "resolved",
      "finish_reason": "stop"
    },
    {
      "arm": "repaired_clock",
      "call_type": "ballot",
      "input_tokens": 3432,
      "output_tokens": 107,
      "disposition": "resolved",
      "finish_reason": "stop"
    },
    {
      "arm": "combined_accounts",
      "call_type": "turn",
      "input_tokens": 2852,
      "output_tokens": 866,
      "disposition": "resolved",
      "finish_reason": "stop"
    },
    {
      "arm": "combined_accounts",
      "call_type": "turn",
      "input_tokens": 4451,
      "output_tokens": 842,
      "disposition": "resolved",
      "finish_reason": "stop"
    },
    {
      "arm": "combined_accounts",
      "call_type": "turn",
      "input_tokens": 5477,
      "output_tokens": 446,
      "disposition": "resolved",
      "finish_reason": "stop"
    },
    {
      "arm": "combined_accounts",
      "call_type": "ballot",
      "input_tokens": 6627,
      "output_tokens": 103,
      "disposition": "resolved",
      "finish_reason": "stop"
    },
    {
      "arm": "combined_accounts",
      "call_type": "ballot",
      "input_tokens": 6646,
      "output_tokens": 95,
      "disposition": "resolved",
      "finish_reason": "stop"
    },
    {
      "arm": "combined_accounts",
      "call_type": "ballot",
      "input_tokens": 6050,
      "output_tokens": 123,
      "disposition": "resolved",
      "finish_reason": "stop"
    },
    {
      "arm": "repaired_clock",
      "call_type": "turn",
      "input_tokens": 3197,
      "output_tokens": 310,
      "disposition": "resolved",
      "finish_reason": "stop"
    },
    {
      "arm": "repaired_clock",
      "call_type": "turn",
      "input_tokens": 3394,
      "output_tokens": 380,
      "disposition": "resolved",
      "finish_reason": "stop"
    },
    {
      "arm": "repaired_clock",
      "call_type": "turn",
      "input_tokens": 4131,
      "output_tokens": 445,
      "disposition": "resolved",
      "finish_reason": "stop"
    },
    {
      "arm": "repaired_clock",
      "call_type": "ballot",
      "input_tokens": 3634,
      "output_tokens": 87,
      "disposition": "resolved",
      "finish_reason": "stop"
    },
    {
      "arm": "repaired_clock",
      "call_type": "ballot",
      "input_tokens": 4326,
      "output_tokens": 106,
      "disposition": "resolved",
      "finish_reason": "stop"
    },
    {
      "arm": "repaired_clock",
      "call_type": "ballot",
      "input_tokens": 3508,
      "output_tokens": 101,
      "disposition": "resolved",
      "finish_reason": "stop"
    },
    {
      "arm": "combined_accounts",
      "call_type": "turn",
      "input_tokens": 2326,
      "output_tokens": 623,
      "disposition": "resolved",
      "finish_reason": "stop"
    },
    {
      "arm": "combined_accounts",
      "call_type": "turn",
      "input_tokens": 3742,
      "output_tokens": 584,
      "disposition": "resolved",
      "finish_reason": "stop"
    },
    {
      "arm": "combined_accounts",
      "call_type": "turn",
      "input_tokens": 4027,
      "output_tokens": 480,
      "disposition": "resolved",
      "finish_reason": "stop"
    },
    {
      "arm": "combined_accounts",
      "call_type": "ballot",
      "input_tokens": 4694,
      "output_tokens": 121,
      "disposition": "resolved",
      "finish_reason": "stop"
    },
    {
      "arm": "combined_accounts",
      "call_type": "ballot",
      "input_tokens": 5383,
      "output_tokens": 108,
      "disposition": "resolved",
      "finish_reason": "stop"
    },
    {
      "arm": "combined_accounts",
      "call_type": "ballot",
      "input_tokens": 4686,
      "output_tokens": 103,
      "disposition": "resolved",
      "finish_reason": "stop"
    },
    {
      "arm": "repaired_clock",
      "call_type": "turn",
      "input_tokens": 3839,
      "output_tokens": 217,
      "disposition": "resolved",
      "finish_reason": "stop"
    },
    {
      "arm": "repaired_clock",
      "call_type": "turn",
      "input_tokens": 3212,
      "output_tokens": 182,
      "disposition": "resolved",
      "finish_reason": "stop"
    },
    {
      "arm": "repaired_clock",
      "call_type": "turn",
      "input_tokens": 3120,
      "output_tokens": 359,
      "disposition": "resolved",
      "finish_reason": "stop"
    },
    {
      "arm": "repaired_clock",
      "call_type": "ballot",
      "input_tokens": 3812,
      "output_tokens": 136,
      "disposition": "resolved",
      "finish_reason": "stop"
    },
    {
      "arm": "repaired_clock",
      "call_type": "ballot",
      "input_tokens": 3393,
      "output_tokens": 104,
      "disposition": "resolved",
      "finish_reason": "stop"
    },
    {
      "arm": "repaired_clock",
      "call_type": "ballot",
      "input_tokens": 4167,
      "output_tokens": 100,
      "disposition": "resolved",
      "finish_reason": "stop"
    },
    {
      "arm": "combined_accounts",
      "call_type": "turn",
      "input_tokens": 2979,
      "output_tokens": 726,
      "disposition": "resolved",
      "finish_reason": "stop"
    },
    {
      "arm": "combined_accounts",
      "call_type": "turn",
      "input_tokens": 3977,
      "output_tokens": 320,
      "disposition": "resolved",
      "finish_reason": "stop"
    },
    {
      "arm": "combined_accounts",
      "call_type": "turn",
      "input_tokens": 3889,
      "output_tokens": 384,
      "disposition": "resolved",
      "finish_reason": "stop"
    },
    {
      "arm": "combined_accounts",
      "call_type": "ballot",
      "input_tokens": 4946,
      "output_tokens": 109,
      "disposition": "resolved",
      "finish_reason": "stop"
    },
    {
      "arm": "combined_accounts",
      "call_type": "ballot",
      "input_tokens": 4401,
      "output_tokens": 121,
      "disposition": "resolved",
      "finish_reason": "stop"
    },
    {
      "arm": "combined_accounts",
      "call_type": "ballot",
      "input_tokens": 5169,
      "output_tokens": 81,
      "disposition": "resolved",
      "finish_reason": "stop"
    },
    {
      "arm": "repaired_clock",
      "call_type": "turn",
      "input_tokens": 3440,
      "output_tokens": 337,
      "disposition": "resolved",
      "finish_reason": "stop"
    },
    {
      "arm": "repaired_clock",
      "call_type": "turn",
      "input_tokens": 3543,
      "output_tokens": 158,
      "disposition": "resolved",
      "finish_reason": "stop"
    },
    {
      "arm": "repaired_clock",
      "call_type": "turn",
      "input_tokens": 3331,
      "output_tokens": 393,
      "disposition": "resolved",
      "finish_reason": "stop"
    },
    {
      "arm": "repaired_clock",
      "call_type": "ballot",
      "input_tokens": 3771,
      "output_tokens": 94,
      "disposition": "resolved",
      "finish_reason": "stop"
    },
    {
      "arm": "repaired_clock",
      "call_type": "ballot",
      "input_tokens": 3630,
      "output_tokens": 108,
      "disposition": "resolved",
      "finish_reason": "stop"
    },
    {
      "arm": "repaired_clock",
      "call_type": "ballot",
      "input_tokens": 4131,
      "output_tokens": 73,
      "disposition": "resolved",
      "finish_reason": "stop"
    },
    {
      "arm": "combined_accounts",
      "call_type": "turn",
      "input_tokens": 2573,
      "output_tokens": 816,
      "disposition": "resolved",
      "finish_reason": "stop"
    },
    {
      "arm": "combined_accounts",
      "call_type": "turn",
      "input_tokens": 4642,
      "output_tokens": 354,
      "disposition": "resolved",
      "finish_reason": "stop"
    },
    {
      "arm": "combined_accounts",
      "call_type": "turn",
      "input_tokens": 4599,
      "output_tokens": 415,
      "disposition": "resolved",
      "finish_reason": "stop"
    },
    {
      "arm": "combined_accounts",
      "call_type": "ballot",
      "input_tokens": 5304,
      "output_tokens": 98,
      "disposition": "resolved",
      "finish_reason": "stop"
    },
    {
      "arm": "combined_accounts",
      "call_type": "ballot",
      "input_tokens": 5176,
      "output_tokens": 102,
      "disposition": "resolved",
      "finish_reason": "stop"
    },
    {
      "arm": "combined_accounts",
      "call_type": "ballot",
      "input_tokens": 5810,
      "output_tokens": 73,
      "disposition": "resolved",
      "finish_reason": "stop"
    },
    {
      "arm": "repaired_clock",
      "call_type": "turn",
      "input_tokens": 3272,
      "output_tokens": 340,
      "disposition": "resolved",
      "finish_reason": "stop"
    },
    {
      "arm": "repaired_clock",
      "call_type": "turn",
      "input_tokens": 3588,
      "output_tokens": 136,
      "disposition": "resolved",
      "finish_reason": "stop"
    },
    {
      "arm": "repaired_clock",
      "call_type": "turn",
      "input_tokens": 3381,
      "output_tokens": 346,
      "disposition": "resolved",
      "finish_reason": "stop"
    },
    {
      "arm": "repaired_clock",
      "call_type": "ballot",
      "input_tokens": 3577,
      "output_tokens": 102,
      "disposition": "resolved",
      "finish_reason": "stop"
    },
    {
      "arm": "repaired_clock",
      "call_type": "ballot",
      "input_tokens": 3460,
      "output_tokens": 102,
      "disposition": "resolved",
      "finish_reason": "stop"
    },
    {
      "arm": "repaired_clock",
      "call_type": "ballot",
      "input_tokens": 4253,
      "output_tokens": 83,
      "disposition": "resolved",
      "finish_reason": "stop"
    },
    {
      "arm": "combined_accounts",
      "call_type": "turn",
      "input_tokens": 2405,
      "output_tokens": 567,
      "disposition": "resolved",
      "finish_reason": "stop"
    },
    {
      "arm": "combined_accounts",
      "call_type": "turn",
      "input_tokens": 3159,
      "output_tokens": 227,
      "disposition": "resolved",
      "finish_reason": "stop"
    },
    {
      "arm": "combined_accounts",
      "call_type": "turn",
      "input_tokens": 4265,
      "output_tokens": 241,
      "disposition": "resolved",
      "finish_reason": "stop"
    },
    {
      "arm": "combined_accounts",
      "call_type": "ballot",
      "input_tokens": 3785,
      "output_tokens": 104,
      "disposition": "resolved",
      "finish_reason": "stop"
    },
    {
      "arm": "combined_accounts",
      "call_type": "ballot",
      "input_tokens": 3663,
      "output_tokens": 95,
      "disposition": "resolved",
      "finish_reason": "stop"
    },
    {
      "arm": "combined_accounts",
      "call_type": "ballot",
      "input_tokens": 4482,
      "output_tokens": 115,
      "disposition": "resolved",
      "finish_reason": "stop"
    },
    {
      "arm": "repaired_clock",
      "call_type": "turn",
      "input_tokens": 2863,
      "output_tokens": 293,
      "disposition": "resolved",
      "finish_reason": "stop"
    },
    {
      "arm": "repaired_clock",
      "call_type": "turn",
      "input_tokens": 3571,
      "output_tokens": 164,
      "disposition": "resolved",
      "finish_reason": "stop"
    },
    {
      "arm": "repaired_clock",
      "call_type": "turn",
      "input_tokens": 3610,
      "output_tokens": 445,
      "disposition": "resolved",
      "finish_reason": "stop"
    },
    {
      "arm": "repaired_clock",
      "call_type": "ballot",
      "input_tokens": 3722,
      "output_tokens": 95,
      "disposition": "resolved",
      "finish_reason": "stop"
    },
    {
      "arm": "repaired_clock",
      "call_type": "ballot",
      "input_tokens": 3237,
      "output_tokens": 109,
      "disposition": "resolved",
      "finish_reason": "stop"
    },
    {
      "arm": "repaired_clock",
      "call_type": "ballot",
      "input_tokens": 4201,
      "output_tokens": 106,
      "disposition": "resolved",
      "finish_reason": "stop"
    },
    {
      "arm": "combined_accounts",
      "call_type": "turn",
      "input_tokens": 2003,
      "output_tokens": 542,
      "disposition": "resolved",
      "finish_reason": "stop"
    },
    {
      "arm": "combined_accounts",
      "call_type": "turn",
      "input_tokens": 4108,
      "output_tokens": 373,
      "disposition": "resolved",
      "finish_reason": "stop"
    },
    {
      "arm": "combined_accounts",
      "call_type": "turn",
      "input_tokens": 4194,
      "output_tokens": 282,
      "disposition": "resolved",
      "finish_reason": "stop"
    },
    {
      "arm": "combined_accounts",
      "call_type": "ballot",
      "input_tokens": 4488,
      "output_tokens": 98,
      "disposition": "resolved",
      "finish_reason": "stop"
    },
    {
      "arm": "combined_accounts",
      "call_type": "ballot",
      "input_tokens": 3992,
      "output_tokens": 70,
      "disposition": "resolved",
      "finish_reason": "stop"
    },
    {
      "arm": "combined_accounts",
      "call_type": "ballot",
      "input_tokens": 5079,
      "output_tokens": 100,
      "disposition": "resolved",
      "finish_reason": "stop"
    },
    {
      "arm": "repaired_clock",
      "call_type": "turn",
      "input_tokens": 3145,
      "output_tokens": 306,
      "disposition": "resolved",
      "finish_reason": "stop"
    },
    {
      "arm": "repaired_clock",
      "call_type": "turn",
      "input_tokens": 3044,
      "output_tokens": 152,
      "disposition": "resolved",
      "finish_reason": "stop"
    },
    {
      "arm": "repaired_clock",
      "call_type": "turn",
      "input_tokens": 2907,
      "output_tokens": 285,
      "disposition": "resolved",
      "finish_reason": "stop"
    },
    {
      "arm": "repaired_clock",
      "call_type": "ballot",
      "input_tokens": 3420,
      "output_tokens": 102,
      "disposition": "resolved",
      "finish_reason": "stop"
    },
    {
      "arm": "repaired_clock",
      "call_type": "ballot",
      "input_tokens": 3561,
      "output_tokens": 98,
      "disposition": "resolved",
      "finish_reason": "stop"
    },
    {
      "arm": "repaired_clock",
      "call_type": "ballot",
      "input_tokens": 3138,
      "output_tokens": 98,
      "disposition": "resolved",
      "finish_reason": "stop"
    },
    {
      "arm": "combined_accounts",
      "call_type": "turn",
      "input_tokens": 2285,
      "output_tokens": 818,
      "disposition": "resolved",
      "finish_reason": "stop"
    },
    {
      "arm": "combined_accounts",
      "call_type": "turn",
      "input_tokens": 3977,
      "output_tokens": 822,
      "disposition": "resolved",
      "finish_reason": "stop"
    },
    {
      "arm": "combined_accounts",
      "call_type": "turn",
      "input_tokens": 5037,
      "output_tokens": 495,
      "disposition": "resolved",
      "finish_reason": "stop"
    },
    {
      "arm": "combined_accounts",
      "call_type": "ballot",
      "input_tokens": 5941,
      "output_tokens": 103,
      "disposition": "resolved",
      "finish_reason": "stop"
    },
    {
      "arm": "combined_accounts",
      "call_type": "ballot",
      "input_tokens": 6226,
      "output_tokens": 106,
      "disposition": "resolved",
      "finish_reason": "stop"
    },
    {
      "arm": "combined_accounts",
      "call_type": "ballot",
      "input_tokens": 5648,
      "output_tokens": 109,
      "disposition": "resolved",
      "finish_reason": "stop"
    },
    {
      "arm": "repaired_clock",
      "call_type": "turn",
      "input_tokens": 3037,
      "output_tokens": 260,
      "disposition": "resolved",
      "finish_reason": "stop"
    },
    {
      "arm": "repaired_clock",
      "call_type": "turn",
      "input_tokens": 2764,
      "output_tokens": 176,
      "disposition": "resolved",
      "finish_reason": "stop"
    },
    {
      "arm": "repaired_clock",
      "call_type": "turn",
      "input_tokens": 3115,
      "output_tokens": 381,
      "disposition": "resolved",
      "finish_reason": "stop"
    },
    {
      "arm": "repaired_clock",
      "call_type": "ballot",
      "input_tokens": 3517,
      "output_tokens": 105,
      "disposition": "resolved",
      "finish_reason": "stop"
    },
    {
      "arm": "repaired_clock",
      "call_type": "ballot",
      "input_tokens": 3442,
      "output_tokens": 139,
      "disposition": "resolved",
      "finish_reason": "stop"
    },
    {
      "arm": "repaired_clock",
      "call_type": "ballot",
      "input_tokens": 3339,
      "output_tokens": 73,
      "disposition": "resolved",
      "finish_reason": "stop"
    },
    {
      "arm": "combined_accounts",
      "call_type": "turn",
      "input_tokens": 2181,
      "output_tokens": 457,
      "disposition": "resolved",
      "finish_reason": "stop"
    },
    {
      "arm": "combined_accounts",
      "call_type": "turn",
      "input_tokens": 3047,
      "output_tokens": 296,
      "disposition": "resolved",
      "finish_reason": "stop"
    },
    {
      "arm": "combined_accounts",
      "call_type": "turn",
      "input_tokens": 3310,
      "output_tokens": 476,
      "disposition": "resolved",
      "finish_reason": "stop"
    },
    {
      "arm": "combined_accounts",
      "call_type": "ballot",
      "input_tokens": 4051,
      "output_tokens": 97,
      "disposition": "resolved",
      "finish_reason": "stop"
    },
    {
      "arm": "combined_accounts",
      "call_type": "ballot",
      "input_tokens": 3944,
      "output_tokens": 108,
      "disposition": "resolved",
      "finish_reason": "stop"
    },
    {
      "arm": "combined_accounts",
      "call_type": "ballot",
      "input_tokens": 3876,
      "output_tokens": 79,
      "disposition": "resolved",
      "finish_reason": "stop"
    },
    {
      "arm": "repaired_clock",
      "call_type": "turn",
      "input_tokens": 3301,
      "output_tokens": 343,
      "disposition": "resolved",
      "finish_reason": "stop"
    },
    {
      "arm": "repaired_clock",
      "call_type": "turn",
      "input_tokens": 3244,
      "output_tokens": 210,
      "disposition": "resolved",
      "finish_reason": "stop"
    },
    {
      "arm": "repaired_clock",
      "call_type": "turn",
      "input_tokens": 2786,
      "output_tokens": 379,
      "disposition": "resolved",
      "finish_reason": "stop"
    },
    {
      "arm": "repaired_clock",
      "call_type": "ballot",
      "input_tokens": 3877,
      "output_tokens": 124,
      "disposition": "resolved",
      "finish_reason": "stop"
    },
    {
      "arm": "repaired_clock",
      "call_type": "ballot",
      "input_tokens": 3083,
      "output_tokens": 99,
      "disposition": "resolved",
      "finish_reason": "stop"
    },
    {
      "arm": "repaired_clock",
      "call_type": "ballot",
      "input_tokens": 3704,
      "output_tokens": 109,
      "disposition": "resolved",
      "finish_reason": "stop"
    },
    {
      "arm": "combined_accounts",
      "call_type": "turn",
      "input_tokens": 2441,
      "output_tokens": 728,
      "disposition": "resolved",
      "finish_reason": "stop"
    },
    {
      "arm": "combined_accounts",
      "call_type": "turn",
      "input_tokens": 4011,
      "output_tokens": 385,
      "disposition": "resolved",
      "finish_reason": "stop"
    },
    {
      "arm": "combined_accounts",
      "call_type": "turn",
      "input_tokens": 3829,
      "output_tokens": 418,
      "disposition": "resolved",
      "finish_reason": "stop"
    },
    {
      "arm": "combined_accounts",
      "call_type": "ballot",
      "input_tokens": 5214,
      "output_tokens": 75,
      "disposition": "resolved",
      "finish_reason": "stop"
    },
    {
      "arm": "combined_accounts",
      "call_type": "ballot",
      "input_tokens": 4286,
      "output_tokens": 105,
      "disposition": "resolved",
      "finish_reason": "stop"
    },
    {
      "arm": "combined_accounts",
      "call_type": "ballot",
      "input_tokens": 4909,
      "output_tokens": 108,
      "disposition": "resolved",
      "finish_reason": "stop"
    },
    {
      "arm": "repaired_clock",
      "call_type": "turn",
      "input_tokens": 2964,
      "output_tokens": 238,
      "disposition": "resolved",
      "finish_reason": "stop"
    },
    {
      "arm": "repaired_clock",
      "call_type": "turn",
      "input_tokens": 3158,
      "output_tokens": 146,
      "disposition": "resolved",
      "finish_reason": "stop"
    },
    {
      "arm": "repaired_clock",
      "call_type": "turn",
      "input_tokens": 2993,
      "output_tokens": 316,
      "disposition": "resolved",
      "finish_reason": "stop"
    },
    {
      "arm": "repaired_clock",
      "call_type": "ballot",
      "input_tokens": 3736,
      "output_tokens": 84,
      "disposition": "resolved",
      "finish_reason": "stop"
    },
    {
      "arm": "repaired_clock",
      "call_type": "ballot",
      "input_tokens": 3224,
      "output_tokens": 89,
      "disposition": "resolved",
      "finish_reason": "stop"
    },
    {
      "arm": "repaired_clock",
      "call_type": "ballot",
      "input_tokens": 3253,
      "output_tokens": 102,
      "disposition": "resolved",
      "finish_reason": "stop"
    },
    {
      "arm": "combined_accounts",
      "call_type": "turn",
      "input_tokens": 2108,
      "output_tokens": 640,
      "disposition": "resolved",
      "finish_reason": "stop"
    },
    {
      "arm": "combined_accounts",
      "call_type": "turn",
      "input_tokens": 3294,
      "output_tokens": 326,
      "disposition": "resolved",
      "finish_reason": "stop"
    },
    {
      "arm": "combined_accounts",
      "call_type": "turn",
      "input_tokens": 4326,
      "output_tokens": 835,
      "disposition": "resolved",
      "finish_reason": "stop"
    },
    {
      "arm": "combined_accounts",
      "call_type": "ballot",
      "input_tokens": 5835,
      "output_tokens": 99,
      "disposition": "resolved",
      "finish_reason": "stop"
    },
    {
      "arm": "combined_accounts",
      "call_type": "ballot",
      "input_tokens": 5192,
      "output_tokens": 77,
      "disposition": "resolved",
      "finish_reason": "stop"
    },
    {
      "arm": "combined_accounts",
      "call_type": "ballot",
      "input_tokens": 5193,
      "output_tokens": 78,
      "disposition": "resolved",
      "finish_reason": "stop"
    },
    {
      "arm": "repaired_clock",
      "call_type": "turn",
      "input_tokens": 3304,
      "output_tokens": 340,
      "disposition": "resolved",
      "finish_reason": "stop"
    },
    {
      "arm": "repaired_clock",
      "call_type": "turn",
      "input_tokens": 4121,
      "output_tokens": 380,
      "disposition": "resolved",
      "finish_reason": "stop"
    },
    {
      "arm": "repaired_clock",
      "call_type": "turn",
      "input_tokens": 4332,
      "output_tokens": 302,
      "disposition": "resolved",
      "finish_reason": "stop"
    },
    {
      "arm": "repaired_clock",
      "call_type": "ballot",
      "input_tokens": 3932,
      "output_tokens": 98,
      "disposition": "resolved",
      "finish_reason": "stop"
    },
    {
      "arm": "repaired_clock",
      "call_type": "ballot",
      "input_tokens": 4721,
      "output_tokens": 100,
      "disposition": "resolved",
      "finish_reason": "stop"
    },
    {
      "arm": "repaired_clock",
      "call_type": "ballot",
      "input_tokens": 4558,
      "output_tokens": 122,
      "disposition": "resolved",
      "finish_reason": "stop"
    },
    {
      "arm": "combined_accounts",
      "call_type": "turn",
      "input_tokens": 2442,
      "output_tokens": 741,
      "disposition": "resolved",
      "finish_reason": "stop"
    },
    {
      "arm": "combined_accounts",
      "call_type": "turn",
      "input_tokens": 4437,
      "output_tokens": 199,
      "disposition": "resolved",
      "finish_reason": "stop"
    },
    {
      "arm": "combined_accounts",
      "call_type": "turn",
      "input_tokens": 4777,
      "output_tokens": 505,
      "disposition": "resolved",
      "finish_reason": "stop"
    },
    {
      "arm": "combined_accounts",
      "call_type": "ballot",
      "input_tokens": 4913,
      "output_tokens": 95,
      "disposition": "resolved",
      "finish_reason": "stop"
    },
    {
      "arm": "combined_accounts",
      "call_type": "ballot",
      "input_tokens": 5665,
      "output_tokens": 92,
      "disposition": "resolved",
      "finish_reason": "stop"
    },
    {
      "arm": "combined_accounts",
      "call_type": "ballot",
      "input_tokens": 5541,
      "output_tokens": 98,
      "disposition": "resolved",
      "finish_reason": "stop"
    },
    {
      "arm": "repaired_clock",
      "call_type": "turn",
      "input_tokens": 3103,
      "output_tokens": 285,
      "disposition": "resolved",
      "finish_reason": "stop"
    },
    {
      "arm": "repaired_clock",
      "call_type": "turn",
      "input_tokens": 3000,
      "output_tokens": 347,
      "disposition": "resolved",
      "finish_reason": "stop"
    },
    {
      "arm": "repaired_clock",
      "call_type": "turn",
      "input_tokens": 3831,
      "output_tokens": 304,
      "disposition": "resolved",
      "finish_reason": "stop"
    },
    {
      "arm": "repaired_clock",
      "call_type": "ballot",
      "input_tokens": 3957,
      "output_tokens": 97,
      "disposition": "resolved",
      "finish_reason": "stop"
    },
    {
      "arm": "repaired_clock",
      "call_type": "ballot",
      "input_tokens": 3172,
      "output_tokens": 128,
      "disposition": "resolved",
      "finish_reason": "stop"
    },
    {
      "arm": "repaired_clock",
      "call_type": "ballot",
      "input_tokens": 3296,
      "output_tokens": 94,
      "disposition": "resolved",
      "finish_reason": "stop"
    },
    {
      "arm": "combined_accounts",
      "call_type": "turn",
      "input_tokens": 2241,
      "output_tokens": 707,
      "disposition": "resolved",
      "finish_reason": "stop"
    },
    {
      "arm": "combined_accounts",
      "call_type": "turn",
      "input_tokens": 4049,
      "output_tokens": 433,
      "disposition": "resolved",
      "finish_reason": "stop"
    },
    {
      "arm": "combined_accounts",
      "call_type": "turn",
      "input_tokens": 4091,
      "output_tokens": 323,
      "disposition": "resolved",
      "finish_reason": "stop"
    },
    {
      "arm": "combined_accounts",
      "call_type": "ballot",
      "input_tokens": 5264,
      "output_tokens": 101,
      "disposition": "resolved",
      "finish_reason": "stop"
    },
    {
      "arm": "combined_accounts",
      "call_type": "ballot",
      "input_tokens": 4482,
      "output_tokens": 112,
      "disposition": "resolved",
      "finish_reason": "stop"
    },
    {
      "arm": "combined_accounts",
      "call_type": "ballot",
      "input_tokens": 4733,
      "output_tokens": 106,
      "disposition": "resolved",
      "finish_reason": "stop"
    },
    {
      "arm": "repaired_clock",
      "call_type": "turn",
      "input_tokens": 3048,
      "output_tokens": 266,
      "disposition": "resolved",
      "finish_reason": "stop"
    },
    {
      "arm": "repaired_clock",
      "call_type": "turn",
      "input_tokens": 3052,
      "output_tokens": 154,
      "disposition": "resolved",
      "finish_reason": "stop"
    },
    {
      "arm": "repaired_clock",
      "call_type": "turn",
      "input_tokens": 2996,
      "output_tokens": 259,
      "disposition": "resolved",
      "finish_reason": "stop"
    },
    {
      "arm": "repaired_clock",
      "call_type": "ballot",
      "input_tokens": 3598,
      "output_tokens": 90,
      "disposition": "resolved",
      "finish_reason": "stop"
    },
    {
      "arm": "repaired_clock",
      "call_type": "ballot",
      "input_tokens": 3284,
      "output_tokens": 99,
      "disposition": "resolved",
      "finish_reason": "stop"
    },
    {
      "arm": "repaired_clock",
      "call_type": "ballot",
      "input_tokens": 3240,
      "output_tokens": 106,
      "disposition": "resolved",
      "finish_reason": "stop"
    },
    {
      "arm": "combined_accounts",
      "call_type": "turn",
      "input_tokens": 2175,
      "output_tokens": 603,
      "disposition": "resolved",
      "finish_reason": "stop"
    },
    {
      "arm": "combined_accounts",
      "call_type": "turn",
      "input_tokens": 3746,
      "output_tokens": 716,
      "disposition": "resolved",
      "finish_reason": "stop"
    },
    {
      "arm": "combined_accounts",
      "call_type": "turn",
      "input_tokens": 4643,
      "output_tokens": 492,
      "disposition": "resolved",
      "finish_reason": "stop"
    },
    {
      "arm": "combined_accounts",
      "call_type": "ballot",
      "input_tokens": 5803,
      "output_tokens": 74,
      "disposition": "resolved",
      "finish_reason": "stop"
    },
    {
      "arm": "combined_accounts",
      "call_type": "ballot",
      "input_tokens": 5341,
      "output_tokens": 78,
      "disposition": "resolved",
      "finish_reason": "stop"
    },
    {
      "arm": "combined_accounts",
      "call_type": "ballot",
      "input_tokens": 5321,
      "output_tokens": 94,
      "disposition": "resolved",
      "finish_reason": "stop"
    },
    {
      "arm": "repaired_clock",
      "call_type": "turn",
      "input_tokens": 3655,
      "output_tokens": 347,
      "disposition": "resolved",
      "finish_reason": "stop"
    },
    {
      "arm": "repaired_clock",
      "call_type": "turn",
      "input_tokens": 4100,
      "output_tokens": 507,
      "disposition": "resolved",
      "finish_reason": "stop"
    },
    {
      "arm": "repaired_clock",
      "call_type": "turn",
      "input_tokens": 4344,
      "output_tokens": 291,
      "disposition": "resolved",
      "finish_reason": "stop"
    },
    {
      "arm": "repaired_clock",
      "call_type": "ballot",
      "input_tokens": 4189,
      "output_tokens": 143,
      "disposition": "resolved",
      "finish_reason": "stop"
    },
    {
      "arm": "repaired_clock",
      "call_type": "ballot",
      "input_tokens": 4442,
      "output_tokens": 109,
      "disposition": "resolved",
      "finish_reason": "stop"
    },
    {
      "arm": "repaired_clock",
      "call_type": "ballot",
      "input_tokens": 4517,
      "output_tokens": 89,
      "disposition": "resolved",
      "finish_reason": "stop"
    },
    {
      "arm": "combined_accounts",
      "call_type": "turn",
      "input_tokens": 2788,
      "output_tokens": 982,
      "disposition": "resolved",
      "finish_reason": "stop"
    },
    {
      "arm": "combined_accounts",
      "call_type": "turn",
      "input_tokens": 4736,
      "output_tokens": 307,
      "disposition": "resolved",
      "finish_reason": "stop"
    },
    {
      "arm": "combined_accounts",
      "call_type": "turn",
      "input_tokens": 5247,
      "output_tokens": 1187,
      "disposition": "resolved",
      "finish_reason": "stop"
    },
    {
      "arm": "combined_accounts",
      "call_type": "ballot",
      "input_tokens": 7015,
      "output_tokens": 95,
      "disposition": "resolved",
      "finish_reason": "stop"
    },
    {
      "arm": "combined_accounts",
      "call_type": "ballot",
      "input_tokens": 7272,
      "output_tokens": 95,
      "disposition": "resolved",
      "finish_reason": "stop"
    },
    {
      "arm": "combined_accounts",
      "call_type": "ballot",
      "input_tokens": 7354,
      "output_tokens": 98,
      "disposition": "resolved",
      "finish_reason": "stop"
    },
    {
      "arm": "repaired_clock",
      "call_type": "turn",
      "input_tokens": 2937,
      "output_tokens": 192,
      "disposition": "resolved",
      "finish_reason": "stop"
    },
    {
      "arm": "repaired_clock",
      "call_type": "turn",
      "input_tokens": 2981,
      "output_tokens": 321,
      "disposition": "resolved",
      "finish_reason": "stop"
    },
    {
      "arm": "repaired_clock",
      "call_type": "turn",
      "input_tokens": 3289,
      "output_tokens": 344,
      "disposition": "resolved",
      "finish_reason": "stop"
    },
    {
      "arm": "repaired_clock",
      "call_type": "turn",
      "input_tokens": 4091,
      "output_tokens": 356,
      "disposition": "resolved",
      "finish_reason": "stop"
    },
    {
      "arm": "repaired_clock",
      "call_type": "ballot",
      "input_tokens": 3324,
      "output_tokens": 92,
      "disposition": "resolved",
      "finish_reason": "stop"
    },
    {
      "arm": "repaired_clock",
      "call_type": "ballot",
      "input_tokens": 3391,
      "output_tokens": 112,
      "disposition": "resolved",
      "finish_reason": "stop"
    },
    {
      "arm": "repaired_clock",
      "call_type": "ballot",
      "input_tokens": 4274,
      "output_tokens": 112,
      "disposition": "resolved",
      "finish_reason": "stop"
    },
    {
      "arm": "combined_accounts",
      "call_type": "turn",
      "input_tokens": 2081,
      "output_tokens": 644,
      "disposition": "resolved",
      "finish_reason": "stop"
    },
    {
      "arm": "combined_accounts",
      "call_type": "turn",
      "input_tokens": 4179,
      "output_tokens": 781,
      "disposition": "resolved",
      "finish_reason": "stop"
    },
    {
      "arm": "combined_accounts",
      "call_type": "turn",
      "input_tokens": 5012,
      "output_tokens": 473,
      "disposition": "resolved",
      "finish_reason": "stop"
    },
    {
      "arm": "combined_accounts",
      "call_type": "ballot",
      "input_tokens": 5438,
      "output_tokens": 107,
      "disposition": "resolved",
      "finish_reason": "stop"
    },
    {
      "arm": "combined_accounts",
      "call_type": "ballot",
      "input_tokens": 5642,
      "output_tokens": 102,
      "disposition": "resolved",
      "finish_reason": "stop"
    },
    {
      "arm": "combined_accounts",
      "call_type": "ballot",
      "input_tokens": 6384,
      "output_tokens": 99,
      "disposition": "resolved",
      "finish_reason": "stop"
    },
    {
      "arm": "repaired_clock",
      "call_type": "turn",
      "input_tokens": 3476,
      "output_tokens": 346,
      "disposition": "resolved",
      "finish_reason": "stop"
    },
    {
      "arm": "repaired_clock",
      "call_type": "turn",
      "input_tokens": 3485,
      "output_tokens": 162,
      "disposition": "resolved",
      "finish_reason": "stop"
    },
    {
      "arm": "repaired_clock",
      "call_type": "turn",
      "input_tokens": 3255,
      "output_tokens": 292,
      "disposition": "resolved",
      "finish_reason": "stop"
    },
    {
      "arm": "repaired_clock",
      "call_type": "ballot",
      "input_tokens": 4026,
      "output_tokens": 99,
      "disposition": "resolved",
      "finish_reason": "stop"
    },
    {
      "arm": "repaired_clock",
      "call_type": "ballot",
      "input_tokens": 3511,
      "output_tokens": 97,
      "disposition": "resolved",
      "finish_reason": "stop"
    },
    {
      "arm": "repaired_clock",
      "call_type": "ballot",
      "input_tokens": 3796,
      "output_tokens": 107,
      "disposition": "resolved",
      "finish_reason": "stop"
    },
    {
      "arm": "combined_accounts",
      "call_type": "turn",
      "input_tokens": 2609,
      "output_tokens": 654,
      "disposition": "resolved",
      "finish_reason": "stop"
    },
    {
      "arm": "combined_accounts",
      "call_type": "turn",
      "input_tokens": 3354,
      "output_tokens": 290,
      "disposition": "resolved",
      "finish_reason": "stop"
    },
    {
      "arm": "combined_accounts",
      "call_type": "turn",
      "input_tokens": 4379,
      "output_tokens": 645,
      "disposition": "resolved",
      "finish_reason": "stop"
    },
    {
      "arm": "combined_accounts",
      "call_type": "ballot",
      "input_tokens": 5389,
      "output_tokens": 98,
      "disposition": "resolved",
      "finish_reason": "stop"
    },
    {
      "arm": "combined_accounts",
      "call_type": "ballot",
      "input_tokens": 4744,
      "output_tokens": 104,
      "disposition": "resolved",
      "finish_reason": "stop"
    },
    {
      "arm": "combined_accounts",
      "call_type": "ballot",
      "input_tokens": 5022,
      "output_tokens": 108,
      "disposition": "resolved",
      "finish_reason": "stop"
    },
    {
      "arm": "repaired_clock",
      "call_type": "turn",
      "input_tokens": 3187,
      "output_tokens": 295,
      "disposition": "resolved",
      "finish_reason": "stop"
    },
    {
      "arm": "repaired_clock",
      "call_type": "turn",
      "input_tokens": 2920,
      "output_tokens": 152,
      "disposition": "resolved",
      "finish_reason": "stop"
    },
    {
      "arm": "repaired_clock",
      "call_type": "turn",
      "input_tokens": 2857,
      "output_tokens": 361,
      "disposition": "resolved",
      "finish_reason": "stop"
    },
    {
      "arm": "repaired_clock",
      "call_type": "ballot",
      "input_tokens": 3681,
      "output_tokens": 86,
      "disposition": "resolved",
      "finish_reason": "stop"
    },
    {
      "arm": "repaired_clock",
      "call_type": "ballot",
      "input_tokens": 3868,
      "output_tokens": 94,
      "disposition": "resolved",
      "finish_reason": "stop"
    },
    {
      "arm": "repaired_clock",
      "call_type": "ballot",
      "input_tokens": 3361,
      "output_tokens": 105,
      "disposition": "resolved",
      "finish_reason": "stop"
    },
    {
      "arm": "combined_accounts",
      "call_type": "turn",
      "input_tokens": 2322,
      "output_tokens": 738,
      "disposition": "resolved",
      "finish_reason": "stop"
    },
    {
      "arm": "combined_accounts",
      "call_type": "turn",
      "input_tokens": 3851,
      "output_tokens": 700,
      "disposition": "resolved",
      "finish_reason": "stop"
    },
    {
      "arm": "combined_accounts",
      "call_type": "turn",
      "input_tokens": 4706,
      "output_tokens": 363,
      "disposition": "resolved",
      "finish_reason": "stop"
    },
    {
      "arm": "combined_accounts",
      "call_type": "ballot",
      "input_tokens": 5464,
      "output_tokens": 105,
      "disposition": "resolved",
      "finish_reason": "stop"
    },
    {
      "arm": "combined_accounts",
      "call_type": "ballot",
      "input_tokens": 5657,
      "output_tokens": 104,
      "disposition": "resolved",
      "finish_reason": "stop"
    },
    {
      "arm": "combined_accounts",
      "call_type": "ballot",
      "input_tokens": 5137,
      "output_tokens": 104,
      "disposition": "resolved",
      "finish_reason": "stop"
    },
    {
      "arm": "repaired_clock",
      "call_type": "turn",
      "input_tokens": 3335,
      "output_tokens": 341,
      "disposition": "resolved",
      "finish_reason": "stop"
    },
    {
      "arm": "repaired_clock",
      "call_type": "turn",
      "input_tokens": 3118,
      "output_tokens": 402,
      "disposition": "resolved",
      "finish_reason": "stop"
    },
    {
      "arm": "repaired_clock",
      "call_type": "turn",
      "input_tokens": 3753,
      "output_tokens": 140,
      "disposition": "resolved",
      "finish_reason": "stop"
    },
    {
      "arm": "repaired_clock",
      "call_type": "ballot",
      "input_tokens": 4089,
      "output_tokens": 107,
      "disposition": "resolved",
      "finish_reason": "stop"
    },
    {
      "arm": "repaired_clock",
      "call_type": "ballot",
      "input_tokens": 3238,
      "output_tokens": 101,
      "disposition": "resolved",
      "finish_reason": "stop"
    },
    {
      "arm": "repaired_clock",
      "call_type": "ballot",
      "input_tokens": 3642,
      "output_tokens": 122,
      "disposition": "resolved",
      "finish_reason": "stop"
    },
    {
      "arm": "combined_accounts",
      "call_type": "turn",
      "input_tokens": 2473,
      "output_tokens": 1017,
      "disposition": "resolved",
      "finish_reason": "stop"
    },
    {
      "arm": "combined_accounts",
      "call_type": "turn",
      "input_tokens": 3982,
      "output_tokens": 197,
      "disposition": "resolved",
      "finish_reason": "stop"
    },
    {
      "arm": "combined_accounts",
      "call_type": "turn",
      "input_tokens": 5234,
      "output_tokens": 281,
      "disposition": "resolved",
      "finish_reason": "stop"
    },
    {
      "arm": "combined_accounts",
      "call_type": "ballot",
      "input_tokens": 5502,
      "output_tokens": 118,
      "disposition": "resolved",
      "finish_reason": "stop"
    },
    {
      "arm": "combined_accounts",
      "call_type": "ballot",
      "input_tokens": 4506,
      "output_tokens": 100,
      "disposition": "resolved",
      "finish_reason": "stop"
    },
    {
      "arm": "combined_accounts",
      "call_type": "ballot",
      "input_tokens": 4931,
      "output_tokens": 123,
      "disposition": "resolved",
      "finish_reason": "stop"
    }
  ],
  "unit_usage": [
    {
      "seed": 3000,
      "arm": "repaired_clock",
      "attempts": 6,
      "completions": 6,
      "input_tokens": 20418,
      "output_tokens": 1152,
      "model_work_seconds": 149.94717666809447,
      "defaulted_turns": 0,
      "defaulted_votes": 0,
      "charged_failed_attempts": 0,
      "retried_calls": 0,
      "unaccounted_attempts": 0
    },
    {
      "seed": 3000,
      "arm": "combined_accounts",
      "attempts": 6,
      "completions": 6,
      "input_tokens": 30756,
      "output_tokens": 2407,
      "model_work_seconds": 170.0458381678909,
      "defaulted_turns": 0,
      "defaulted_votes": 0,
      "charged_failed_attempts": 0,
      "retried_calls": 0,
      "unaccounted_attempts": 0
    },
    {
      "seed": 3001,
      "arm": "repaired_clock",
      "attempts": 6,
      "completions": 6,
      "input_tokens": 22313,
      "output_tokens": 1296,
      "model_work_seconds": 144.9605700415559,
      "defaulted_turns": 0,
      "defaulted_votes": 0,
      "charged_failed_attempts": 0,
      "retried_calls": 0,
      "unaccounted_attempts": 0
    },
    {
      "seed": 3001,
      "arm": "combined_accounts",
      "attempts": 6,
      "completions": 6,
      "input_tokens": 21417,
      "output_tokens": 1398,
      "model_work_seconds": 150.67670133314095,
      "defaulted_turns": 0,
      "defaulted_votes": 0,
      "charged_failed_attempts": 0,
      "retried_calls": 0,
      "unaccounted_attempts": 0
    },
    {
      "seed": 3002,
      "arm": "repaired_clock",
      "attempts": 6,
      "completions": 6,
      "input_tokens": 23512,
      "output_tokens": 1365,
      "model_work_seconds": 78.88496900093742,
      "defaulted_turns": 0,
      "defaulted_votes": 0,
      "charged_failed_attempts": 0,
      "retried_calls": 0,
      "unaccounted_attempts": 0
    },
    {
      "seed": 3002,
      "arm": "combined_accounts",
      "attempts": 6,
      "completions": 6,
      "input_tokens": 28547,
      "output_tokens": 2193,
      "model_work_seconds": 73.4082169989124,
      "defaulted_turns": 0,
      "defaulted_votes": 0,
      "charged_failed_attempts": 0,
      "retried_calls": 0,
      "unaccounted_attempts": 0
    },
    {
      "seed": 3003,
      "arm": "repaired_clock",
      "attempts": 6,
      "completions": 6,
      "input_tokens": 20994,
      "output_tokens": 1085,
      "model_work_seconds": 49.20358616579324,
      "defaulted_turns": 0,
      "defaulted_votes": 0,
      "charged_failed_attempts": 0,
      "retried_calls": 0,
      "unaccounted_attempts": 0
    },
    {
      "seed": 3003,
      "arm": "combined_accounts",
      "attempts": 6,
      "completions": 6,
      "input_tokens": 21191,
      "output_tokens": 1329,
      "model_work_seconds": 55.344130751211196,
      "defaulted_turns": 0,
      "defaulted_votes": 0,
      "charged_failed_attempts": 0,
      "retried_calls": 0,
      "unaccounted_attempts": 0
    },
    {
      "seed": 3004,
      "arm": "repaired_clock",
      "attempts": 6,
      "completions": 6,
      "input_tokens": 20114,
      "output_tokens": 1042,
      "model_work_seconds": 39.94968195678666,
      "defaulted_turns": 0,
      "defaulted_votes": 0,
      "charged_failed_attempts": 0,
      "retried_calls": 0,
      "unaccounted_attempts": 0
    },
    {
      "seed": 3004,
      "arm": "combined_accounts",
      "attempts": 6,
      "completions": 6,
      "input_tokens": 22549,
      "output_tokens": 1515,
      "model_work_seconds": 54.935027793515474,
      "defaulted_turns": 0,
      "defaulted_votes": 0,
      "charged_failed_attempts": 0,
      "retried_calls": 0,
      "unaccounted_attempts": 0
    },
    {
      "seed": 3005,
      "arm": "repaired_clock",
      "attempts": 6,
      "completions": 6,
      "input_tokens": 20961,
      "output_tokens": 1054,
      "model_work_seconds": 40.478756583994254,
      "defaulted_turns": 0,
      "defaulted_votes": 0,
      "charged_failed_attempts": 0,
      "retried_calls": 0,
      "unaccounted_attempts": 0
    },
    {
      "seed": 3005,
      "arm": "combined_accounts",
      "attempts": 6,
      "completions": 6,
      "input_tokens": 20685,
      "output_tokens": 1219,
      "model_work_seconds": 45.610876749269664,
      "defaulted_turns": 0,
      "defaulted_votes": 0,
      "charged_failed_attempts": 0,
      "retried_calls": 0,
      "unaccounted_attempts": 0
    },
    {
      "seed": 3006,
      "arm": "repaired_clock",
      "attempts": 6,
      "completions": 6,
      "input_tokens": 19864,
      "output_tokens": 1155,
      "model_work_seconds": 43.087020334089175,
      "defaulted_turns": 0,
      "defaulted_votes": 0,
      "charged_failed_attempts": 0,
      "retried_calls": 0,
      "unaccounted_attempts": 0
    },
    {
      "seed": 3006,
      "arm": "combined_accounts",
      "attempts": 6,
      "completions": 6,
      "input_tokens": 22870,
      "output_tokens": 1710,
      "model_work_seconds": 63.38117441581562,
      "defaulted_turns": 0,
      "defaulted_votes": 0,
      "charged_failed_attempts": 0,
      "retried_calls": 0,
      "unaccounted_attempts": 0
    },
    {
      "seed": 3007,
      "arm": "repaired_clock",
      "attempts": 6,
      "completions": 6,
      "input_tokens": 24755,
      "output_tokens": 1602,
      "model_work_seconds": 55.167345789959654,
      "defaulted_turns": 0,
      "defaulted_votes": 0,
      "charged_failed_attempts": 0,
      "retried_calls": 0,
      "unaccounted_attempts": 0
    },
    {
      "seed": 3007,
      "arm": "combined_accounts",
      "attempts": 6,
      "completions": 6,
      "input_tokens": 26311,
      "output_tokens": 1558,
      "model_work_seconds": 57.14499870897271,
      "defaulted_turns": 0,
      "defaulted_votes": 0,
      "charged_failed_attempts": 0,
      "retried_calls": 0,
      "unaccounted_attempts": 0
    },
    {
      "seed": 3008,
      "arm": "repaired_clock",
      "attempts": 6,
      "completions": 6,
      "input_tokens": 19232,
      "output_tokens": 1009,
      "model_work_seconds": 227.1168369189836,
      "defaulted_turns": 0,
      "defaulted_votes": 0,
      "charged_failed_attempts": 0,
      "retried_calls": 0,
      "unaccounted_attempts": 0
    },
    {
      "seed": 3008,
      "arm": "combined_accounts",
      "attempts": 6,
      "completions": 6,
      "input_tokens": 20242,
      "output_tokens": 1376,
      "model_work_seconds": 148.79551954078488,
      "defaulted_turns": 0,
      "defaulted_votes": 0,
      "charged_failed_attempts": 0,
      "retried_calls": 0,
      "unaccounted_attempts": 0
    },
    {
      "seed": 3010,
      "arm": "repaired_clock",
      "attempts": 6,
      "completions": 6,
      "input_tokens": 18727,
      "output_tokens": 1021,
      "model_work_seconds": 160.1505596661009,
      "defaulted_turns": 0,
      "defaulted_votes": 0,
      "charged_failed_attempts": 0,
      "retried_calls": 0,
      "unaccounted_attempts": 0
    },
    {
      "seed": 3010,
      "arm": "combined_accounts",
      "attempts": 6,
      "completions": 6,
      "input_tokens": 19917,
      "output_tokens": 1339,
      "model_work_seconds": 147.2150499180425,
      "defaulted_turns": 0,
      "defaulted_votes": 0,
      "charged_failed_attempts": 0,
      "retried_calls": 0,
      "unaccounted_attempts": 0
    },
    {
      "seed": 3011,
      "arm": "repaired_clock",
      "attempts": 6,
      "completions": 6,
      "input_tokens": 20470,
      "output_tokens": 1076,
      "model_work_seconds": 145.65109191602096,
      "defaulted_turns": 0,
      "defaulted_votes": 0,
      "charged_failed_attempts": 0,
      "retried_calls": 0,
      "unaccounted_attempts": 0
    },
    {
      "seed": 3011,
      "arm": "combined_accounts",
      "attempts": 6,
      "completions": 6,
      "input_tokens": 25822,
      "output_tokens": 1895,
      "model_work_seconds": 158.74755403981544,
      "defaulted_turns": 0,
      "defaulted_votes": 0,
      "charged_failed_attempts": 0,
      "retried_calls": 0,
      "unaccounted_attempts": 0
    },
    {
      "seed": 3012,
      "arm": "repaired_clock",
      "attempts": 6,
      "completions": 6,
      "input_tokens": 19129,
      "output_tokens": 1006,
      "model_work_seconds": 88.36946712387726,
      "defaulted_turns": 0,
      "defaulted_votes": 0,
      "charged_failed_attempts": 0,
      "retried_calls": 0,
      "unaccounted_attempts": 0
    },
    {
      "seed": 3012,
      "arm": "combined_accounts",
      "attempts": 6,
      "completions": 6,
      "input_tokens": 26423,
      "output_tokens": 2109,
      "model_work_seconds": 74.52303975145333,
      "defaulted_turns": 0,
      "defaulted_votes": 0,
      "charged_failed_attempts": 0,
      "retried_calls": 0,
      "unaccounted_attempts": 0
    },
    {
      "seed": 3015,
      "arm": "repaired_clock",
      "attempts": 6,
      "completions": 6,
      "input_tokens": 21787,
      "output_tokens": 1107,
      "model_work_seconds": 44.66430508275516,
      "defaulted_turns": 0,
      "defaulted_votes": 0,
      "charged_failed_attempts": 0,
      "retried_calls": 0,
      "unaccounted_attempts": 0
    },
    {
      "seed": 3015,
      "arm": "combined_accounts",
      "attempts": 6,
      "completions": 6,
      "input_tokens": 23446,
      "output_tokens": 1433,
      "model_work_seconds": 52.51390512404032,
      "defaulted_turns": 0,
      "defaulted_votes": 0,
      "charged_failed_attempts": 0,
      "retried_calls": 0,
      "unaccounted_attempts": 0
    },
    {
      "seed": 3016,
      "arm": "repaired_clock",
      "attempts": 6,
      "completions": 6,
      "input_tokens": 20652,
      "output_tokens": 1137,
      "model_work_seconds": 43.78003987413831,
      "defaulted_turns": 0,
      "defaulted_votes": 0,
      "charged_failed_attempts": 0,
      "retried_calls": 0,
      "unaccounted_attempts": 0
    },
    {
      "seed": 3016,
      "arm": "combined_accounts",
      "attempts": 6,
      "completions": 6,
      "input_tokens": 24099,
      "output_tokens": 1665,
      "model_work_seconds": 62.574546539690346,
      "defaulted_turns": 0,
      "defaulted_votes": 0,
      "charged_failed_attempts": 0,
      "retried_calls": 0,
      "unaccounted_attempts": 0
    },
    {
      "seed": 3017,
      "arm": "repaired_clock",
      "attempts": 6,
      "completions": 6,
      "input_tokens": 22101,
      "output_tokens": 1141,
      "model_work_seconds": 45.93646329315379,
      "defaulted_turns": 0,
      "defaulted_votes": 0,
      "charged_failed_attempts": 0,
      "retried_calls": 0,
      "unaccounted_attempts": 0
    },
    {
      "seed": 3017,
      "arm": "combined_accounts",
      "attempts": 6,
      "completions": 6,
      "input_tokens": 25399,
      "output_tokens": 1605,
      "model_work_seconds": 113.1992025419604,
      "defaulted_turns": 0,
      "defaulted_votes": 0,
      "charged_failed_attempts": 0,
      "retried_calls": 0,
      "unaccounted_attempts": 0
    },
    {
      "seed": 3018,
      "arm": "repaired_clock",
      "attempts": 6,
      "completions": 6,
      "input_tokens": 20450,
      "output_tokens": 1212,
      "model_work_seconds": 141.94241554127075,
      "defaulted_turns": 0,
      "defaulted_votes": 0,
      "charged_failed_attempts": 0,
      "retried_calls": 0,
      "unaccounted_attempts": 0
    },
    {
      "seed": 3018,
      "arm": "combined_accounts",
      "attempts": 6,
      "completions": 6,
      "input_tokens": 20721,
      "output_tokens": 1431,
      "model_work_seconds": 160.9568784153089,
      "defaulted_turns": 0,
      "defaulted_votes": 0,
      "charged_failed_attempts": 0,
      "retried_calls": 0,
      "unaccounted_attempts": 0
    },
    {
      "seed": 3019,
      "arm": "repaired_clock",
      "attempts": 6,
      "completions": 6,
      "input_tokens": 21975,
      "output_tokens": 1275,
      "model_work_seconds": 148.0227526659146,
      "defaulted_turns": 0,
      "defaulted_votes": 0,
      "charged_failed_attempts": 0,
      "retried_calls": 0,
      "unaccounted_attempts": 0
    },
    {
      "seed": 3019,
      "arm": "combined_accounts",
      "attempts": 6,
      "completions": 6,
      "input_tokens": 21146,
      "output_tokens": 1360,
      "model_work_seconds": 144.52235354087315,
      "defaulted_turns": 0,
      "defaulted_votes": 0,
      "charged_failed_attempts": 0,
      "retried_calls": 0,
      "unaccounted_attempts": 0
    },
    {
      "seed": 3021,
      "arm": "repaired_clock",
      "attempts": 6,
      "completions": 6,
      "input_tokens": 21336,
      "output_tokens": 1173,
      "model_work_seconds": 165.48788187466562,
      "defaulted_turns": 0,
      "defaulted_votes": 0,
      "charged_failed_attempts": 0,
      "retried_calls": 0,
      "unaccounted_attempts": 0
    },
    {
      "seed": 3021,
      "arm": "combined_accounts",
      "attempts": 6,
      "completions": 6,
      "input_tokens": 23312,
      "output_tokens": 1468,
      "model_work_seconds": 147.83545320900157,
      "defaulted_turns": 0,
      "defaulted_votes": 0,
      "charged_failed_attempts": 0,
      "retried_calls": 0,
      "unaccounted_attempts": 0
    },
    {
      "seed": 3022,
      "arm": "repaired_clock",
      "attempts": 6,
      "completions": 6,
      "input_tokens": 20705,
      "output_tokens": 1049,
      "model_work_seconds": 169.09873841446824,
      "defaulted_turns": 0,
      "defaulted_votes": 0,
      "charged_failed_attempts": 0,
      "retried_calls": 0,
      "unaccounted_attempts": 0
    },
    {
      "seed": 3022,
      "arm": "combined_accounts",
      "attempts": 6,
      "completions": 6,
      "input_tokens": 30099,
      "output_tokens": 2411,
      "model_work_seconds": 168.3938989159651,
      "defaulted_turns": 0,
      "defaulted_votes": 0,
      "charged_failed_attempts": 0,
      "retried_calls": 0,
      "unaccounted_attempts": 0
    },
    {
      "seed": 3023,
      "arm": "repaired_clock",
      "attempts": 6,
      "completions": 6,
      "input_tokens": 17885,
      "output_tokens": 1010,
      "model_work_seconds": 80.37636925000697,
      "defaulted_turns": 0,
      "defaulted_votes": 0,
      "charged_failed_attempts": 0,
      "retried_calls": 0,
      "unaccounted_attempts": 0
    },
    {
      "seed": 3023,
      "arm": "combined_accounts",
      "attempts": 6,
      "completions": 6,
      "input_tokens": 21364,
      "output_tokens": 1551,
      "model_work_seconds": 70.23284808406606,
      "defaulted_turns": 0,
      "defaulted_votes": 0,
      "charged_failed_attempts": 0,
      "retried_calls": 0,
      "unaccounted_attempts": 0
    },
    {
      "seed": 3025,
      "arm": "repaired_clock",
      "attempts": 6,
      "completions": 6,
      "input_tokens": 19758,
      "output_tokens": 1115,
      "model_work_seconds": 43.5354995012749,
      "defaulted_turns": 0,
      "defaulted_votes": 0,
      "charged_failed_attempts": 0,
      "retried_calls": 0,
      "unaccounted_attempts": 0
    },
    {
      "seed": 3025,
      "arm": "combined_accounts",
      "attempts": 6,
      "completions": 6,
      "input_tokens": 19875,
      "output_tokens": 1384,
      "model_work_seconds": 51.929632206913084,
      "defaulted_turns": 0,
      "defaulted_votes": 0,
      "charged_failed_attempts": 0,
      "retried_calls": 0,
      "unaccounted_attempts": 0
    },
    {
      "seed": 3026,
      "arm": "repaired_clock",
      "attempts": 6,
      "completions": 6,
      "input_tokens": 21262,
      "output_tokens": 1216,
      "model_work_seconds": 44.83138287393376,
      "defaulted_turns": 0,
      "defaulted_votes": 0,
      "charged_failed_attempts": 0,
      "retried_calls": 0,
      "unaccounted_attempts": 0
    },
    {
      "seed": 3026,
      "arm": "combined_accounts",
      "attempts": 6,
      "completions": 6,
      "input_tokens": 27833,
      "output_tokens": 2046,
      "model_work_seconds": 56.12763079046272,
      "defaulted_turns": 0,
      "defaulted_votes": 0,
      "charged_failed_attempts": 0,
      "retried_calls": 0,
      "unaccounted_attempts": 0
    },
    {
      "seed": 3028,
      "arm": "repaired_clock",
      "attempts": 6,
      "completions": 6,
      "input_tokens": 20382,
      "output_tokens": 1180,
      "model_work_seconds": 40.93353366665542,
      "defaulted_turns": 0,
      "defaulted_votes": 0,
      "charged_failed_attempts": 0,
      "retried_calls": 0,
      "unaccounted_attempts": 0
    },
    {
      "seed": 3028,
      "arm": "combined_accounts",
      "attempts": 6,
      "completions": 6,
      "input_tokens": 24744,
      "output_tokens": 1759,
      "model_work_seconds": 59.923368958057836,
      "defaulted_turns": 0,
      "defaulted_votes": 0,
      "charged_failed_attempts": 0,
      "retried_calls": 0,
      "unaccounted_attempts": 0
    },
    {
      "seed": 3030,
      "arm": "repaired_clock",
      "attempts": 6,
      "completions": 6,
      "input_tokens": 19858,
      "output_tokens": 1078,
      "model_work_seconds": 39.9030832501594,
      "defaulted_turns": 0,
      "defaulted_votes": 0,
      "charged_failed_attempts": 0,
      "retried_calls": 0,
      "unaccounted_attempts": 0
    },
    {
      "seed": 3030,
      "arm": "combined_accounts",
      "attempts": 6,
      "completions": 6,
      "input_tokens": 21238,
      "output_tokens": 1445,
      "model_work_seconds": 43.672254542820156,
      "defaulted_turns": 0,
      "defaulted_votes": 0,
      "charged_failed_attempts": 0,
      "retried_calls": 0,
      "unaccounted_attempts": 0
    },
    {
      "seed": 3031,
      "arm": "repaired_clock",
      "attempts": 6,
      "completions": 6,
      "input_tokens": 19708,
      "output_tokens": 1353,
      "model_work_seconds": 43.180694916984066,
      "defaulted_turns": 0,
      "defaulted_votes": 0,
      "charged_failed_attempts": 0,
      "retried_calls": 0,
      "unaccounted_attempts": 0
    },
    {
      "seed": 3031,
      "arm": "combined_accounts",
      "attempts": 6,
      "completions": 6,
      "input_tokens": 19912,
      "output_tokens": 1414,
      "model_work_seconds": 48.065365416929126,
      "defaulted_turns": 0,
      "defaulted_votes": 0,
      "charged_failed_attempts": 0,
      "retried_calls": 0,
      "unaccounted_attempts": 0
    },
    {
      "seed": 3032,
      "arm": "repaired_clock",
      "attempts": 6,
      "completions": 6,
      "input_tokens": 21157,
      "output_tokens": 1219,
      "model_work_seconds": 43.115950165782124,
      "defaulted_turns": 0,
      "defaulted_votes": 0,
      "charged_failed_attempts": 0,
      "retried_calls": 0,
      "unaccounted_attempts": 0
    },
    {
      "seed": 3032,
      "arm": "combined_accounts",
      "attempts": 6,
      "completions": 6,
      "input_tokens": 23461,
      "output_tokens": 1652,
      "model_work_seconds": 58.53997470787726,
      "defaulted_turns": 0,
      "defaulted_votes": 0,
      "charged_failed_attempts": 0,
      "retried_calls": 0,
      "unaccounted_attempts": 0
    },
    {
      "seed": 3033,
      "arm": "repaired_clock",
      "attempts": 6,
      "completions": 6,
      "input_tokens": 20666,
      "output_tokens": 1288,
      "model_work_seconds": 46.938090790761635,
      "defaulted_turns": 0,
      "defaulted_votes": 0,
      "charged_failed_attempts": 0,
      "retried_calls": 0,
      "unaccounted_attempts": 0
    },
    {
      "seed": 3033,
      "arm": "combined_accounts",
      "attempts": 6,
      "completions": 6,
      "input_tokens": 22902,
      "output_tokens": 1646,
      "model_work_seconds": 54.543878166237846,
      "defaulted_turns": 0,
      "defaulted_votes": 0,
      "charged_failed_attempts": 0,
      "retried_calls": 0,
      "unaccounted_attempts": 0
    },
    {
      "seed": 3034,
      "arm": "repaired_clock",
      "attempts": 6,
      "completions": 6,
      "input_tokens": 21287,
      "output_tokens": 1206,
      "model_work_seconds": 44.069928623968735,
      "defaulted_turns": 0,
      "defaulted_votes": 0,
      "charged_failed_attempts": 0,
      "retried_calls": 0,
      "unaccounted_attempts": 0
    },
    {
      "seed": 3034,
      "arm": "combined_accounts",
      "attempts": 6,
      "completions": 6,
      "input_tokens": 23703,
      "output_tokens": 1462,
      "model_work_seconds": 45.28078999905847,
      "defaulted_turns": 0,
      "defaulted_votes": 0,
      "charged_failed_attempts": 0,
      "retried_calls": 0,
      "unaccounted_attempts": 0
    },
    {
      "seed": 3035,
      "arm": "repaired_clock",
      "attempts": 6,
      "completions": 6,
      "input_tokens": 22028,
      "output_tokens": 1200,
      "model_work_seconds": 39.100166708929464,
      "defaulted_turns": 0,
      "defaulted_votes": 0,
      "charged_failed_attempts": 0,
      "retried_calls": 0,
      "unaccounted_attempts": 0
    },
    {
      "seed": 3035,
      "arm": "combined_accounts",
      "attempts": 6,
      "completions": 6,
      "input_tokens": 25445,
      "output_tokens": 1702,
      "model_work_seconds": 58.18891495699063,
      "defaulted_turns": 0,
      "defaulted_votes": 0,
      "charged_failed_attempts": 0,
      "retried_calls": 0,
      "unaccounted_attempts": 0
    },
    {
      "seed": 3036,
      "arm": "repaired_clock",
      "attempts": 6,
      "completions": 6,
      "input_tokens": 19914,
      "output_tokens": 1143,
      "model_work_seconds": 39.05609954055399,
      "defaulted_turns": 0,
      "defaulted_votes": 0,
      "charged_failed_attempts": 0,
      "retried_calls": 0,
      "unaccounted_attempts": 0
    },
    {
      "seed": 3036,
      "arm": "combined_accounts",
      "attempts": 6,
      "completions": 6,
      "input_tokens": 26962,
      "output_tokens": 2029,
      "model_work_seconds": 57.123569834046066,
      "defaulted_turns": 0,
      "defaulted_votes": 0,
      "charged_failed_attempts": 0,
      "retried_calls": 0,
      "unaccounted_attempts": 0
    },
    {
      "seed": 3037,
      "arm": "repaired_clock",
      "attempts": 6,
      "completions": 6,
      "input_tokens": 19028,
      "output_tokens": 1122,
      "model_work_seconds": 36.349241791758686,
      "defaulted_turns": 0,
      "defaulted_votes": 0,
      "charged_failed_attempts": 0,
      "retried_calls": 0,
      "unaccounted_attempts": 0
    },
    {
      "seed": 3037,
      "arm": "combined_accounts",
      "attempts": 6,
      "completions": 6,
      "input_tokens": 19574,
      "output_tokens": 1401,
      "model_work_seconds": 42.09542962536216,
      "defaulted_turns": 0,
      "defaulted_votes": 0,
      "charged_failed_attempts": 0,
      "retried_calls": 0,
      "unaccounted_attempts": 0
    },
    {
      "seed": 3038,
      "arm": "repaired_clock",
      "attempts": 6,
      "completions": 6,
      "input_tokens": 19365,
      "output_tokens": 1148,
      "model_work_seconds": 40.85820687515661,
      "defaulted_turns": 0,
      "defaulted_votes": 0,
      "charged_failed_attempts": 0,
      "retried_calls": 0,
      "unaccounted_attempts": 0
    },
    {
      "seed": 3038,
      "arm": "combined_accounts",
      "attempts": 6,
      "completions": 6,
      "input_tokens": 19151,
      "output_tokens": 1291,
      "model_work_seconds": 44.586488123750314,
      "defaulted_turns": 0,
      "defaulted_votes": 0,
      "charged_failed_attempts": 0,
      "retried_calls": 0,
      "unaccounted_attempts": 0
    },
    {
      "seed": 3039,
      "arm": "repaired_clock",
      "attempts": 6,
      "completions": 6,
      "input_tokens": 21190,
      "output_tokens": 1128,
      "model_work_seconds": 54.988701625261456,
      "defaulted_turns": 0,
      "defaulted_votes": 0,
      "charged_failed_attempts": 0,
      "retried_calls": 0,
      "unaccounted_attempts": 0
    },
    {
      "seed": 3039,
      "arm": "combined_accounts",
      "attempts": 6,
      "completions": 6,
      "input_tokens": 25543,
      "output_tokens": 1723,
      "model_work_seconds": 57.20139050018042,
      "defaulted_turns": 0,
      "defaulted_votes": 0,
      "charged_failed_attempts": 0,
      "retried_calls": 0,
      "unaccounted_attempts": 0
    },
    {
      "seed": 3040,
      "arm": "repaired_clock",
      "attempts": 6,
      "completions": 6,
      "input_tokens": 22401,
      "output_tokens": 1264,
      "model_work_seconds": 43.184008916141465,
      "defaulted_turns": 0,
      "defaulted_votes": 0,
      "charged_failed_attempts": 0,
      "retried_calls": 0,
      "unaccounted_attempts": 0
    },
    {
      "seed": 3040,
      "arm": "combined_accounts",
      "attempts": 6,
      "completions": 6,
      "input_tokens": 23950,
      "output_tokens": 1431,
      "model_work_seconds": 49.06559466687031,
      "defaulted_turns": 0,
      "defaulted_votes": 0,
      "charged_failed_attempts": 0,
      "retried_calls": 0,
      "unaccounted_attempts": 0
    },
    {
      "seed": 3042,
      "arm": "repaired_clock",
      "attempts": 6,
      "completions": 6,
      "input_tokens": 21763,
      "output_tokens": 1110,
      "model_work_seconds": 41.3520713346079,
      "defaulted_turns": 0,
      "defaulted_votes": 0,
      "charged_failed_attempts": 0,
      "retried_calls": 0,
      "unaccounted_attempts": 0
    },
    {
      "seed": 3042,
      "arm": "combined_accounts",
      "attempts": 6,
      "completions": 6,
      "input_tokens": 24213,
      "output_tokens": 1609,
      "model_work_seconds": 59.41962083405815,
      "defaulted_turns": 0,
      "defaulted_votes": 0,
      "charged_failed_attempts": 0,
      "retried_calls": 0,
      "unaccounted_attempts": 0
    },
    {
      "seed": 3043,
      "arm": "repaired_clock",
      "attempts": 6,
      "completions": 6,
      "input_tokens": 21234,
      "output_tokens": 1123,
      "model_work_seconds": 48.386894583003595,
      "defaulted_turns": 0,
      "defaulted_votes": 0,
      "charged_failed_attempts": 0,
      "retried_calls": 0,
      "unaccounted_attempts": 0
    },
    {
      "seed": 3043,
      "arm": "combined_accounts",
      "attempts": 6,
      "completions": 6,
      "input_tokens": 26403,
      "output_tokens": 1766,
      "model_work_seconds": 50.82562670763582,
      "defaulted_turns": 0,
      "defaulted_votes": 0,
      "charged_failed_attempts": 0,
      "retried_calls": 0,
      "unaccounted_attempts": 0
    },
    {
      "seed": 3044,
      "arm": "repaired_clock",
      "attempts": 6,
      "completions": 6,
      "input_tokens": 20520,
      "output_tokens": 1029,
      "model_work_seconds": 34.584168039727956,
      "defaulted_turns": 0,
      "defaulted_votes": 0,
      "charged_failed_attempts": 0,
      "retried_calls": 0,
      "unaccounted_attempts": 0
    },
    {
      "seed": 3044,
      "arm": "combined_accounts",
      "attempts": 6,
      "completions": 6,
      "input_tokens": 21785,
      "output_tokens": 1553,
      "model_work_seconds": 47.626521750120446,
      "defaulted_turns": 0,
      "defaulted_votes": 0,
      "charged_failed_attempts": 0,
      "retried_calls": 0,
      "unaccounted_attempts": 0
    },
    {
      "seed": 3045,
      "arm": "repaired_clock",
      "attempts": 6,
      "completions": 6,
      "input_tokens": 19823,
      "output_tokens": 1187,
      "model_work_seconds": 37.980100583517924,
      "defaulted_turns": 0,
      "defaulted_votes": 0,
      "charged_failed_attempts": 0,
      "retried_calls": 0,
      "unaccounted_attempts": 0
    },
    {
      "seed": 3045,
      "arm": "combined_accounts",
      "attempts": 6,
      "completions": 6,
      "input_tokens": 19904,
      "output_tokens": 1414,
      "model_work_seconds": 47.96998108527623,
      "defaulted_turns": 0,
      "defaulted_votes": 0,
      "charged_failed_attempts": 0,
      "retried_calls": 0,
      "unaccounted_attempts": 0
    },
    {
      "seed": 3046,
      "arm": "repaired_clock",
      "attempts": 6,
      "completions": 6,
      "input_tokens": 20709,
      "output_tokens": 988,
      "model_work_seconds": 70.49151812517084,
      "defaulted_turns": 0,
      "defaulted_votes": 0,
      "charged_failed_attempts": 0,
      "retried_calls": 0,
      "unaccounted_attempts": 0
    },
    {
      "seed": 3046,
      "arm": "combined_accounts",
      "attempts": 6,
      "completions": 6,
      "input_tokens": 29437,
      "output_tokens": 2098,
      "model_work_seconds": 167.2133852080442,
      "defaulted_turns": 0,
      "defaulted_votes": 0,
      "charged_failed_attempts": 0,
      "retried_calls": 0,
      "unaccounted_attempts": 0
    },
    {
      "seed": 3047,
      "arm": "repaired_clock",
      "attempts": 6,
      "completions": 6,
      "input_tokens": 19474,
      "output_tokens": 1267,
      "model_work_seconds": 134.27089820802212,
      "defaulted_turns": 0,
      "defaulted_votes": 0,
      "charged_failed_attempts": 0,
      "retried_calls": 0,
      "unaccounted_attempts": 0
    },
    {
      "seed": 3047,
      "arm": "combined_accounts",
      "attempts": 6,
      "completions": 6,
      "input_tokens": 22045,
      "output_tokens": 1537,
      "model_work_seconds": 148.6036024163477,
      "defaulted_turns": 0,
      "defaulted_votes": 0,
      "charged_failed_attempts": 0,
      "retried_calls": 0,
      "unaccounted_attempts": 0
    },
    {
      "seed": 3048,
      "arm": "repaired_clock",
      "attempts": 6,
      "completions": 6,
      "input_tokens": 20046,
      "output_tokens": 1092,
      "model_work_seconds": 127.87294612592086,
      "defaulted_turns": 0,
      "defaulted_votes": 0,
      "charged_failed_attempts": 0,
      "retried_calls": 0,
      "unaccounted_attempts": 0
    },
    {
      "seed": 3048,
      "arm": "combined_accounts",
      "attempts": 6,
      "completions": 6,
      "input_tokens": 19028,
      "output_tokens": 1476,
      "model_work_seconds": 146.48432937636971,
      "defaulted_turns": 1,
      "defaulted_votes": 0,
      "charged_failed_attempts": 1,
      "retried_calls": 0,
      "unaccounted_attempts": 0
    },
    {
      "seed": 3049,
      "arm": "repaired_clock",
      "attempts": 6,
      "completions": 6,
      "input_tokens": 20580,
      "output_tokens": 1037,
      "model_work_seconds": 133.54563733167015,
      "defaulted_turns": 0,
      "defaulted_votes": 0,
      "charged_failed_attempts": 0,
      "retried_calls": 0,
      "unaccounted_attempts": 0
    },
    {
      "seed": 3049,
      "arm": "combined_accounts",
      "attempts": 6,
      "completions": 6,
      "input_tokens": 25405,
      "output_tokens": 1751,
      "model_work_seconds": 155.04241162375547,
      "defaulted_turns": 0,
      "defaulted_votes": 0,
      "charged_failed_attempts": 0,
      "retried_calls": 0,
      "unaccounted_attempts": 0
    },
    {
      "seed": 3050,
      "arm": "repaired_clock",
      "attempts": 6,
      "completions": 6,
      "input_tokens": 21430,
      "output_tokens": 1101,
      "model_work_seconds": 114.97919837431982,
      "defaulted_turns": 0,
      "defaulted_votes": 0,
      "charged_failed_attempts": 0,
      "retried_calls": 0,
      "unaccounted_attempts": 0
    },
    {
      "seed": 3050,
      "arm": "combined_accounts",
      "attempts": 6,
      "completions": 6,
      "input_tokens": 32103,
      "output_tokens": 2475,
      "model_work_seconds": 179.9827017490752,
      "defaulted_turns": 0,
      "defaulted_votes": 0,
      "charged_failed_attempts": 0,
      "retried_calls": 0,
      "unaccounted_attempts": 0
    },
    {
      "seed": 3051,
      "arm": "repaired_clock",
      "attempts": 6,
      "completions": 6,
      "input_tokens": 22190,
      "output_tokens": 1429,
      "model_work_seconds": 149.6544461660087,
      "defaulted_turns": 0,
      "defaulted_votes": 0,
      "charged_failed_attempts": 0,
      "retried_calls": 0,
      "unaccounted_attempts": 0
    },
    {
      "seed": 3051,
      "arm": "combined_accounts",
      "attempts": 6,
      "completions": 6,
      "input_tokens": 24858,
      "output_tokens": 2019,
      "model_work_seconds": 158.7217885418795,
      "defaulted_turns": 0,
      "defaulted_votes": 0,
      "charged_failed_attempts": 0,
      "retried_calls": 0,
      "unaccounted_attempts": 0
    },
    {
      "seed": 3052,
      "arm": "repaired_clock",
      "attempts": 6,
      "completions": 6,
      "input_tokens": 21543,
      "output_tokens": 1098,
      "model_work_seconds": 47.036991958506405,
      "defaulted_turns": 0,
      "defaulted_votes": 0,
      "charged_failed_attempts": 0,
      "retried_calls": 0,
      "unaccounted_attempts": 0
    },
    {
      "seed": 3052,
      "arm": "combined_accounts",
      "attempts": 6,
      "completions": 6,
      "input_tokens": 25361,
      "output_tokens": 1741,
      "model_work_seconds": 54.07367149973288,
      "defaulted_turns": 0,
      "defaulted_votes": 0,
      "charged_failed_attempts": 0,
      "retried_calls": 0,
      "unaccounted_attempts": 0
    },
    {
      "seed": 3053,
      "arm": "repaired_clock",
      "attempts": 6,
      "completions": 6,
      "input_tokens": 21846,
      "output_tokens": 1163,
      "model_work_seconds": 41.926517211366445,
      "defaulted_turns": 0,
      "defaulted_votes": 0,
      "charged_failed_attempts": 0,
      "retried_calls": 0,
      "unaccounted_attempts": 0
    },
    {
      "seed": 3053,
      "arm": "combined_accounts",
      "attempts": 6,
      "completions": 6,
      "input_tokens": 28104,
      "output_tokens": 1858,
      "model_work_seconds": 51.95610808325,
      "defaulted_turns": 0,
      "defaulted_votes": 0,
      "charged_failed_attempts": 0,
      "retried_calls": 0,
      "unaccounted_attempts": 0
    },
    {
      "seed": 3054,
      "arm": "repaired_clock",
      "attempts": 6,
      "completions": 6,
      "input_tokens": 21531,
      "output_tokens": 1109,
      "model_work_seconds": 42.80328725185245,
      "defaulted_turns": 0,
      "defaulted_votes": 0,
      "charged_failed_attempts": 0,
      "retried_calls": 0,
      "unaccounted_attempts": 0
    },
    {
      "seed": 3054,
      "arm": "combined_accounts",
      "attempts": 6,
      "completions": 6,
      "input_tokens": 21759,
      "output_tokens": 1349,
      "model_work_seconds": 71.03049625107087,
      "defaulted_turns": 0,
      "defaulted_votes": 0,
      "charged_failed_attempts": 0,
      "retried_calls": 0,
      "unaccounted_attempts": 0
    },
    {
      "seed": 3055,
      "arm": "repaired_clock",
      "attempts": 6,
      "completions": 6,
      "input_tokens": 21204,
      "output_tokens": 1212,
      "model_work_seconds": 59.45855674869381,
      "defaulted_turns": 0,
      "defaulted_votes": 0,
      "charged_failed_attempts": 0,
      "retried_calls": 0,
      "unaccounted_attempts": 0
    },
    {
      "seed": 3055,
      "arm": "combined_accounts",
      "attempts": 6,
      "completions": 6,
      "input_tokens": 23864,
      "output_tokens": 1465,
      "model_work_seconds": 57.79835849883966,
      "defaulted_turns": 0,
      "defaulted_votes": 0,
      "charged_failed_attempts": 0,
      "retried_calls": 0,
      "unaccounted_attempts": 0
    },
    {
      "seed": 3056,
      "arm": "repaired_clock",
      "attempts": 6,
      "completions": 6,
      "input_tokens": 19215,
      "output_tokens": 1041,
      "model_work_seconds": 54.003122666617855,
      "defaulted_turns": 0,
      "defaulted_votes": 0,
      "charged_failed_attempts": 0,
      "retried_calls": 0,
      "unaccounted_attempts": 0
    },
    {
      "seed": 3056,
      "arm": "combined_accounts",
      "attempts": 6,
      "completions": 6,
      "input_tokens": 29114,
      "output_tokens": 2453,
      "model_work_seconds": 159.98178458306938,
      "defaulted_turns": 0,
      "defaulted_votes": 0,
      "charged_failed_attempts": 0,
      "retried_calls": 0,
      "unaccounted_attempts": 0
    },
    {
      "seed": 3057,
      "arm": "repaired_clock",
      "attempts": 6,
      "completions": 6,
      "input_tokens": 19214,
      "output_tokens": 1134,
      "model_work_seconds": 48.275169749511406,
      "defaulted_turns": 0,
      "defaulted_votes": 0,
      "charged_failed_attempts": 0,
      "retried_calls": 0,
      "unaccounted_attempts": 0
    },
    {
      "seed": 3057,
      "arm": "combined_accounts",
      "attempts": 6,
      "completions": 6,
      "input_tokens": 20409,
      "output_tokens": 1513,
      "model_work_seconds": 66.40016837394796,
      "defaulted_turns": 0,
      "defaulted_votes": 0,
      "charged_failed_attempts": 0,
      "retried_calls": 0,
      "unaccounted_attempts": 0
    },
    {
      "seed": 5000,
      "arm": "repaired_clock",
      "attempts": 6,
      "completions": 6,
      "input_tokens": 19995,
      "output_tokens": 1264,
      "model_work_seconds": 49.92090641683899,
      "defaulted_turns": 0,
      "defaulted_votes": 0,
      "charged_failed_attempts": 0,
      "retried_calls": 0,
      "unaccounted_attempts": 0
    },
    {
      "seed": 5000,
      "arm": "combined_accounts",
      "attempts": 6,
      "completions": 6,
      "input_tokens": 24690,
      "output_tokens": 1819,
      "model_work_seconds": 64.79916862398386,
      "defaulted_turns": 0,
      "defaulted_votes": 0,
      "charged_failed_attempts": 0,
      "retried_calls": 0,
      "unaccounted_attempts": 0
    },
    {
      "seed": 5001,
      "arm": "repaired_clock",
      "attempts": 6,
      "completions": 6,
      "input_tokens": 19328,
      "output_tokens": 975,
      "model_work_seconds": 39.810251832939684,
      "defaulted_turns": 0,
      "defaulted_votes": 0,
      "charged_failed_attempts": 0,
      "retried_calls": 0,
      "unaccounted_attempts": 0
    },
    {
      "seed": 5001,
      "arm": "combined_accounts",
      "attempts": 6,
      "completions": 6,
      "input_tokens": 25948,
      "output_tokens": 2055,
      "model_work_seconds": 70.34230708284304,
      "defaulted_turns": 0,
      "defaulted_votes": 0,
      "charged_failed_attempts": 0,
      "retried_calls": 0,
      "unaccounted_attempts": 0
    },
    {
      "seed": 5002,
      "arm": "repaired_clock",
      "attempts": 6,
      "completions": 6,
      "input_tokens": 24968,
      "output_tokens": 1342,
      "model_work_seconds": 50.002866292139515,
      "defaulted_turns": 0,
      "defaulted_votes": 0,
      "charged_failed_attempts": 0,
      "retried_calls": 0,
      "unaccounted_attempts": 0
    },
    {
      "seed": 5002,
      "arm": "combined_accounts",
      "attempts": 6,
      "completions": 6,
      "input_tokens": 27775,
      "output_tokens": 1730,
      "model_work_seconds": 106.68929683277383,
      "defaulted_turns": 0,
      "defaulted_votes": 0,
      "charged_failed_attempts": 0,
      "retried_calls": 0,
      "unaccounted_attempts": 0
    },
    {
      "seed": 5003,
      "arm": "repaired_clock",
      "attempts": 6,
      "completions": 6,
      "input_tokens": 20359,
      "output_tokens": 1255,
      "model_work_seconds": 156.06823975103907,
      "defaulted_turns": 0,
      "defaulted_votes": 0,
      "charged_failed_attempts": 0,
      "retried_calls": 0,
      "unaccounted_attempts": 0
    },
    {
      "seed": 5003,
      "arm": "combined_accounts",
      "attempts": 6,
      "completions": 6,
      "input_tokens": 24860,
      "output_tokens": 1782,
      "model_work_seconds": 163.76060066721402,
      "defaulted_turns": 0,
      "defaulted_votes": 0,
      "charged_failed_attempts": 0,
      "retried_calls": 0,
      "unaccounted_attempts": 0
    },
    {
      "seed": 5004,
      "arm": "repaired_clock",
      "attempts": 6,
      "completions": 6,
      "input_tokens": 19218,
      "output_tokens": 974,
      "model_work_seconds": 122.25233029015362,
      "defaulted_turns": 0,
      "defaulted_votes": 0,
      "charged_failed_attempts": 0,
      "retried_calls": 0,
      "unaccounted_attempts": 0
    },
    {
      "seed": 5004,
      "arm": "combined_accounts",
      "attempts": 6,
      "completions": 6,
      "input_tokens": 27029,
      "output_tokens": 2057,
      "model_work_seconds": 164.31641029170714,
      "defaulted_turns": 0,
      "defaulted_votes": 0,
      "charged_failed_attempts": 0,
      "retried_calls": 0,
      "unaccounted_attempts": 0
    },
    {
      "seed": 5005,
      "arm": "repaired_clock",
      "attempts": 6,
      "completions": 6,
      "input_tokens": 25247,
      "output_tokens": 1486,
      "model_work_seconds": 128.10030524991453,
      "defaulted_turns": 0,
      "defaulted_votes": 0,
      "charged_failed_attempts": 0,
      "retried_calls": 0,
      "unaccounted_attempts": 0
    },
    {
      "seed": 5005,
      "arm": "combined_accounts",
      "attempts": 6,
      "completions": 6,
      "input_tokens": 34412,
      "output_tokens": 2764,
      "model_work_seconds": 181.6237895421218,
      "defaulted_turns": 0,
      "defaulted_votes": 0,
      "charged_failed_attempts": 0,
      "retried_calls": 0,
      "unaccounted_attempts": 0
    },
    {
      "seed": 5006,
      "arm": "repaired_clock",
      "attempts": 7,
      "completions": 7,
      "input_tokens": 24287,
      "output_tokens": 1529,
      "model_work_seconds": 61.195747166872025,
      "defaulted_turns": 0,
      "defaulted_votes": 0,
      "charged_failed_attempts": 0,
      "retried_calls": 0,
      "unaccounted_attempts": 0
    },
    {
      "seed": 5006,
      "arm": "combined_accounts",
      "attempts": 6,
      "completions": 6,
      "input_tokens": 28736,
      "output_tokens": 2206,
      "model_work_seconds": 154.84556291648187,
      "defaulted_turns": 0,
      "defaulted_votes": 0,
      "charged_failed_attempts": 0,
      "retried_calls": 0,
      "unaccounted_attempts": 0
    },
    {
      "seed": 5007,
      "arm": "repaired_clock",
      "attempts": 6,
      "completions": 6,
      "input_tokens": 21549,
      "output_tokens": 1103,
      "model_work_seconds": 140.44488237495534,
      "defaulted_turns": 0,
      "defaulted_votes": 0,
      "charged_failed_attempts": 0,
      "retried_calls": 0,
      "unaccounted_attempts": 0
    },
    {
      "seed": 5007,
      "arm": "combined_accounts",
      "attempts": 6,
      "completions": 6,
      "input_tokens": 25497,
      "output_tokens": 1899,
      "model_work_seconds": 159.1202645818703,
      "defaulted_turns": 0,
      "defaulted_votes": 0,
      "charged_failed_attempts": 0,
      "retried_calls": 0,
      "unaccounted_attempts": 0
    },
    {
      "seed": 5008,
      "arm": "repaired_clock",
      "attempts": 6,
      "completions": 6,
      "input_tokens": 19874,
      "output_tokens": 1093,
      "model_work_seconds": 143.3055520830676,
      "defaulted_turns": 0,
      "defaulted_votes": 0,
      "charged_failed_attempts": 0,
      "retried_calls": 0,
      "unaccounted_attempts": 0
    },
    {
      "seed": 5008,
      "arm": "combined_accounts",
      "attempts": 6,
      "completions": 6,
      "input_tokens": 27137,
      "output_tokens": 2114,
      "model_work_seconds": 174.04385200003162,
      "defaulted_turns": 0,
      "defaulted_votes": 0,
      "charged_failed_attempts": 0,
      "retried_calls": 0,
      "unaccounted_attempts": 0
    },
    {
      "seed": 5009,
      "arm": "repaired_clock",
      "attempts": 6,
      "completions": 6,
      "input_tokens": 21175,
      "output_tokens": 1213,
      "model_work_seconds": 128.09341600025073,
      "defaulted_turns": 0,
      "defaulted_votes": 0,
      "charged_failed_attempts": 0,
      "retried_calls": 0,
      "unaccounted_attempts": 0
    },
    {
      "seed": 5009,
      "arm": "combined_accounts",
      "attempts": 6,
      "completions": 6,
      "input_tokens": 26628,
      "output_tokens": 1836,
      "model_work_seconds": 159.9855952921789,
      "defaulted_turns": 0,
      "defaulted_votes": 0,
      "charged_failed_attempts": 0,
      "retried_calls": 0,
      "unaccounted_attempts": 0
    }
  ],
  "proposal": {
    "rule": "The per-unit OUTPUT ceiling is max(the reservation schedule, 3 x the largest unit measured): it is enforced on what a unit RESERVES, so it has to clear that schedule before anything else. The per-unit INPUT ceiling is 3 x the largest unit measured — the same multiple with no reservation floor to clear, because no pre-flight reserves an input cap. Each run-level ceiling is the whole design's unit count x the measured MEAN unit x 1.5, raised to that unit count x the largest unit measured where the mean rule falls below it: that product is the floor `assert_limits_are_feasible` enforces, and a proposed ceiling the instrument would refuse is not a proposal. The run-level OUTPUT floor carries ONE further per-call turn cap on top of that product — the in-flight headroom the gate itself adds, because the run's last call is reserved against the run budget after the run has charged everything before it. Without that term a proposal reproduces the defect of 2026-09-14, whose 459,000 for a hundred units is exactly a hundred times its own largest unit and 4,096 short of what those hundred units reserve. The INPUT dimension takes no such term, its pre-flight being the prompt's own estimated length rather than a cap. Every figure is rounded up to the next 1,000 tokens. The feasibility check the proposal reports is run against the CALIBRATION's own measured maxima rather than against whatever the tree's committed usage profile happens to hold, because the question a proposal answers is whether these ceilings can pay for the run THIS sitting measured; the same check against the committed profile is reported beside it, so a sitting whose units are larger than the profile's says so. This is a proposal and authorizes nothing: the ceilings a run spends under are the owner's, on a card, and this instrument keeps refusing any limits but the ones it is handed.",
    "units": 100,
    "reservation_schedule": 15360,
    "measured_max_unit_input_tokens": 34412,
    "measured_max_unit_output_tokens": 2764,
    "measured_mean_unit_input_tokens": 22673.491666666665,
    "measured_mean_unit_output_tokens": 1447.3083333333334,
    "unit_max_input_tokens": 104000,
    "unit_max_output_tokens": 16000,
    "run_max_input_tokens": 3442000,
    "run_max_output_tokens": 281000,
    "clears_the_feasibility_gate": true,
    "feasibility_refusal": null,
    "clears_the_committed_profiles_gate": false,
    "committed_profile_refusal": "the run-level output ceiling is 281,000 tokens and 100 units at the largest unit the live archives charged (4,176), plus the 4,096 its last call reserves against the run budget on top of them, need 421,696: a run this long would stop on the run ceiling rather than on its own evidence"
  },
  "percentile_rule": "p95 is the nearest-rank percentile of the sample sorted ascending: the value at index ceil(0.95 x n) - 1. No interpolation, because every value in the sample is a token count some call was actually charged and a number between two of them is not one of those.",
  "role_leak_rule": "A leaking turn is a COMMITTED public turn whose speaker is an IMPOSTOR and whose text states, in the first person and without attributing the statement to someone else, either that role or a kill that speaker committed. The roles are the unit's own ground truth, which the run record holds in memory and no listener sees. Three shapes decide it: a first-person role statement, a first-person kill statement, and the negative the diagnosis of 2026-09-15 counted out — an impostor REBUTTING an accusation against itself, which quotes the words without asserting them and is not counted. A statement that is SUPPOSED or ASKED rather than asserted — a conditional, a hypothetical or a question governing the words — is not counted either, for the same reason: the words are there and the assertion is not. A CREWMATE naming its own role is not counted either: every crewmate says so, and counting it would report the roster rather than a leak. A turn the meeting layer substituted is not counted, because its text is the layer's. The count is a REPORTED diagnostic and not a gate: the owner's reading of decision 9 on 2026-09-15 is that the leak does not block the next run on its own, which is what makes a reported column beside the primary outcome the right instrument for it. What the rule cannot do is read intent, and its guards see one sentence at a time: an impostor that confesses in words the two shapes do not match is missed, and an attribution, denial or supposition spread across two sentences is counted. So the figure is an ESTIMATE carrying error in BOTH directions and is not a floor, which is a further reason to read it beside the outcome rather than to gate on it.",
  "elapsed_seconds": 10744.086467499845,
  "model_work_seconds": 10737.195540775545,
  "seconds_per_attempt": 14.892088128676207,
  "total_cost_usd": 0.0,
  "dry_run": false,
  "caveat": "A spend and diagnostics measurement on development inputs, not an evaluation. What is reported: the token profile per arm, call type and hidden role; truncations as measurements carrying their finish reason; the role-leak column; and the aggregate authored-ballot and ejection diagnostics, as counts over the sitting and never per seed. What is NOT: no grader ran, no paired statistic was computed, no decision rule was evaluated and no primary outcome is reported. The primary outcome, the decision rule, the minimum actionable effect, the acceptable-tradeoff bound and the stop rule are untouched, and no unit of this calibration counts towards them. The diagnostics are read against predictions the manifest fixed BEFORE this sitting; none of them is a gate, and a missed prediction is neither a stop nor a verdict."
}
