runner: work/fresh-deduction-calibration-2-run at 0495c08a9cf2f1399b26dfbdb8a90a38850ef26e
start (UTC): 2026-09-15T13:39:46Z
command: uv run --env-file <0600 credential file outside the repository> python -m experiments.fresh_deduction_instrument --calibrate --calibration-mode 2026-09-15 --provider featherless --execution-manifest audits/deduction-candidate/execution-manifest.md --i-am-the-runner --output-dir <a directory outside version control> --json audits/deduction-candidate/calibration-2-2026-09-15/calibration.json
{
  "report_schema": "fresh-deduction-calibration/1",
  "provider": "featherless",
  "model_ids": [
    "Qwen/Qwen3.6-27B"
  ],
  "execution_mode": "sequential",
  "instrument_sha256": "3478a68c7589b3d2436b87c86cfe30fc9700834b4e97aa394f701c0090819de6",
  "prompt_set": "qwen3_6_27b",
  "inputs": {
    "record": "audits/deduction-candidate/held-out/manifest-band-3000-3999.json",
    "record_sha256": "ca4cd057acb2119646190fb6fff923a897ec207d5f54c491c3e1dfae0944cf3c",
    "status": "development",
    "band_first_seed": 3000,
    "band_last_seed": 3999,
    "seeds": [
      3000,
      3001,
      3002,
      3003,
      3004,
      3005,
      3006,
      3007,
      3008,
      3010,
      3011,
      3012,
      3015,
      3016,
      3017,
      3018,
      3019,
      3021,
      3022,
      3023,
      3025,
      3026,
      3028,
      3030,
      3031,
      3032,
      3033,
      3034,
      3035,
      3036,
      3037,
      3038,
      3039,
      3040,
      3042,
      3043,
      3044,
      3045,
      3046,
      3047,
      3048,
      3049,
      3050,
      3051,
      3052,
      3053,
      3054,
      3055,
      3056,
      3057
    ],
    "accepted_in_record": 50,
    "skipped_in_record": 8
  },
  "input_records": [
    {
      "record": "audits/deduction-candidate/held-out/manifest-band-3000-3999.json",
      "record_sha256": "ca4cd057acb2119646190fb6fff923a897ec207d5f54c491c3e1dfae0944cf3c",
      "status": "development",
      "band_first_seed": 3000,
      "band_last_seed": 3999,
      "seeds": [
        3000,
        3001,
        3002,
        3003,
        3004,
        3005,
        3006,
        3007,
        3008,
        3010,
        3011,
        3012,
        3015,
        3016,
        3017,
        3018,
        3019,
        3021,
        3022,
        3023,
        3025,
        3026,
        3028,
        3030,
        3031,
        3032,
        3033,
        3034,
        3035,
        3036,
        3037,
        3038,
        3039,
        3040,
        3042,
        3043,
        3044,
        3045,
        3046,
        3047,
        3048,
        3049,
        3050,
        3051,
        3052,
        3053,
        3054,
        3055,
        3056,
        3057
      ],
      "accepted_in_record": 50,
      "skipped_in_record": 8
    },
    {
      "record": "audits/deduction-candidate/held-out/manifest-band-5000-5999.json",
      "record_sha256": "4fc831dafeda0a6ee7fc311e6557c149506be1fabcf05c69b2117ddb436f7711",
      "status": "development",
      "band_first_seed": 5000,
      "band_last_seed": 5999,
      "seeds": [
        5000,
        5001,
        5002,
        5003,
        5004,
        5005,
        5006,
        5007,
        5008,
        5009
      ],
      "accepted_in_record": 50,
      "skipped_in_record": 3
    }
  ],
  "mode": "2026-09-15",
  "limits": {
    "run_max_input_tokens": 4500000,
    "run_max_output_tokens": 450000,
    "unit_max_input_tokens": 60000,
    "unit_max_output_tokens": 16000,
    "max_cost_usd": 0.0,
    "elapsed_seconds": 21600.0,
    "model_work_seconds": 18000.0
  },
  "sampling": {
    "turn_max_tokens": 4096,
    "turn_temperature": 0.4,
    "vote_max_tokens": 1024,
    "vote_temperature": 0.2
  },
  "paired_seeds": 60,
  "units": 120,
  "arms": [
    {
      "arm": "repaired_clock",
      "units": 60,
      "attempts": 360,
      "completions": 360,
      "input_tokens": 1251743,
      "output_tokens": 68487,
      "cost_usd": 0.0,
      "model_work_seconds": 3208.2182636826765,
      "seconds_per_attempt": 8.911717399118546,
      "by_call_type": [
        {
          "arm": "repaired_clock",
          "call_type": "turn",
          "completions": 180,
          "input_mean": 3275.3611111111113,
          "input_p95": 3912,
          "input_max": 4354,
          "output_mean": 280.50555555555553,
          "output_p95": 434,
          "output_max": 520,
          "max_tokens": 4096
        },
        {
          "arm": "repaired_clock",
          "call_type": "ballot",
          "completions": 180,
          "input_mean": 3678.766666666667,
          "input_p95": 4373,
          "input_max": 4770,
          "output_mean": 99.97777777777777,
          "output_p95": 121,
          "output_max": 160,
          "max_tokens": 1024
        }
      ],
      "mean_unit_input_tokens": 20862.383333333335,
      "mean_unit_output_tokens": 1141.45,
      "max_unit_input_tokens": 25604,
      "max_unit_output_tokens": 1526,
      "defaulted_turns": 0,
      "defaulted_votes": 0,
      "defaults_by_validation": 0,
      "defaults_by_deadline": 0,
      "degraded_openings": 0,
      "units_with_defaults": 0,
      "charged_failed_attempts": 0,
      "charged_failed_input_tokens": 0,
      "charged_failed_output_tokens": 0,
      "retried_calls": 0,
      "unaccounted_attempts": 0,
      "aborted_attempts": 0,
      "attempts_by_trigger": {},
      "by_role": [
        {
          "arm": "repaired_clock",
          "call_type": "turn",
          "role": "CREWMATE",
          "draws": 120,
          "output_mean": 329.725,
          "output_p95": 436,
          "output_max": 520,
          "truncations": 0,
          "truncations_by_finish_reason": {},
          "lengths": [
            {
              "field": "free_text",
              "samples": 120,
              "mean": 232.275,
              "p95": 364,
              "max": 518
            },
            {
              "field": "claims_reason",
              "samples": 123,
              "mean": 67.04878048780488,
              "p95": 122,
              "max": 152
            }
          ]
        },
        {
          "arm": "repaired_clock",
          "call_type": "turn",
          "role": "IMPOSTOR",
          "draws": 60,
          "output_mean": 182.06666666666666,
          "output_p95": 326,
          "output_max": 452,
          "truncations": 0,
          "truncations_by_finish_reason": {},
          "lengths": [
            {
              "field": "free_text",
              "samples": 60,
              "mean": 201.66666666666666,
              "p95": 287,
              "max": 400
            },
            {
              "field": "claims_reason",
              "samples": 60,
              "mean": 58.71666666666667,
              "p95": 86,
              "max": 105
            }
          ]
        },
        {
          "arm": "repaired_clock",
          "call_type": "ballot",
          "role": "CREWMATE",
          "draws": 120,
          "output_mean": 100.9,
          "output_p95": 123,
          "output_max": 160,
          "truncations": 0,
          "truncations_by_finish_reason": {},
          "lengths": [
            {
              "field": "rationale_text",
              "samples": 120,
              "mean": 107.85833333333333,
              "p95": 162,
              "max": 201
            }
          ]
        },
        {
          "arm": "repaired_clock",
          "call_type": "ballot",
          "role": "IMPOSTOR",
          "draws": 60,
          "output_mean": 98.13333333333334,
          "output_p95": 115,
          "output_max": 123,
          "truncations": 0,
          "truncations_by_finish_reason": {},
          "lengths": [
            {
              "field": "rationale_text",
              "samples": 60,
              "mean": 105.25,
              "p95": 153,
              "max": 193
            }
          ]
        }
      ],
      "self_telling_impostor_ballots": 9,
      "leaking_turns": 0,
      "units_with_a_leaking_turn": 0
    },
    {
      "arm": "combined_accounts",
      "units": 60,
      "attempts": 360,
      "completions": 360,
      "input_tokens": 1364026,
      "output_tokens": 96534,
      "cost_usd": 0.0,
      "model_work_seconds": 4194.819289217237,
      "seconds_per_attempt": 11.652275803381215,
      "by_call_type": [
        {
          "arm": "combined_accounts",
          "call_type": "turn",
          "completions": 180,
          "input_mean": 3305.3555555555554,
          "input_p95": 4643,
          "input_max": 5878,
          "output_mean": 442.98333333333335,
          "output_p95": 753,
          "output_max": 1884,
          "max_tokens": 4096
        },
        {
          "arm": "combined_accounts",
          "call_type": "ballot",
          "completions": 180,
          "input_mean": 4272.566666666667,
          "input_p95": 5643,
          "input_max": 8684,
          "output_mean": 93.31666666666666,
          "output_p95": 123,
          "output_max": 135,
          "max_tokens": 1024
        }
      ],
      "mean_unit_input_tokens": 22733.766666666666,
      "mean_unit_output_tokens": 1608.9,
      "max_unit_input_tokens": 38440,
      "max_unit_output_tokens": 4176,
      "defaulted_turns": 0,
      "defaulted_votes": 0,
      "defaults_by_validation": 0,
      "defaults_by_deadline": 0,
      "degraded_openings": 0,
      "units_with_defaults": 0,
      "charged_failed_attempts": 0,
      "charged_failed_input_tokens": 0,
      "charged_failed_output_tokens": 0,
      "retried_calls": 0,
      "unaccounted_attempts": 0,
      "aborted_attempts": 0,
      "attempts_by_trigger": {},
      "by_role": [
        {
          "arm": "combined_accounts",
          "call_type": "turn",
          "role": "CREWMATE",
          "draws": 120,
          "output_mean": 472.65,
          "output_p95": 805,
          "output_max": 1884,
          "truncations": 0,
          "truncations_by_finish_reason": {},
          "lengths": [
            {
              "field": "free_text",
              "samples": 120,
              "mean": 401.55833333333334,
              "p95": 670,
              "max": 4258
            },
            {
              "field": "claims_reason",
              "samples": 115,
              "mean": 100.79130434782608,
              "p95": 184,
              "max": 236
            }
          ]
        },
        {
          "arm": "combined_accounts",
          "call_type": "turn",
          "role": "IMPOSTOR",
          "draws": 60,
          "output_mean": 383.65,
          "output_p95": 700,
          "output_max": 1101,
          "truncations": 0,
          "truncations_by_finish_reason": {},
          "lengths": [
            {
              "field": "free_text",
              "samples": 60,
              "mean": 245.88333333333333,
              "p95": 365,
              "max": 467
            },
            {
              "field": "claims_reason",
              "samples": 60,
              "mean": 97.31666666666666,
              "p95": 156,
              "max": 164
            }
          ]
        },
        {
          "arm": "combined_accounts",
          "call_type": "ballot",
          "role": "CREWMATE",
          "draws": 120,
          "output_mean": 97.08333333333333,
          "output_p95": 124,
          "output_max": 135,
          "truncations": 0,
          "truncations_by_finish_reason": {},
          "lengths": [
            {
              "field": "rationale_text",
              "samples": 120,
              "mean": 133.675,
              "p95": 249,
              "max": 262
            }
          ]
        },
        {
          "arm": "combined_accounts",
          "call_type": "ballot",
          "role": "IMPOSTOR",
          "draws": 60,
          "output_mean": 85.78333333333333,
          "output_p95": 111,
          "output_max": 123,
          "truncations": 0,
          "truncations_by_finish_reason": {},
          "lengths": [
            {
              "field": "rationale_text",
              "samples": 60,
              "mean": 101.4,
              "p95": 149,
              "max": 240
            }
          ]
        }
      ],
      "self_telling_impostor_ballots": 39,
      "leaking_turns": 1,
      "units_with_a_leaking_turn": 1
    }
  ],
  "calls": [
    {
      "arm": "repaired_clock",
      "call_type": "turn",
      "input_tokens": 3434,
      "output_tokens": 313,
      "disposition": "resolved",
      "finish_reason": "stop"
    },
    {
      "arm": "repaired_clock",
      "call_type": "turn",
      "input_tokens": 3471,
      "output_tokens": 168,
      "disposition": "resolved",
      "finish_reason": "stop"
    },
    {
      "arm": "repaired_clock",
      "call_type": "turn",
      "input_tokens": 2726,
      "output_tokens": 436,
      "disposition": "resolved",
      "finish_reason": "stop"
    },
    {
      "arm": "repaired_clock",
      "call_type": "ballot",
      "input_tokens": 3817,
      "output_tokens": 85,
      "disposition": "resolved",
      "finish_reason": "stop"
    },
    {
      "arm": "repaired_clock",
      "call_type": "ballot",
      "input_tokens": 3079,
      "output_tokens": 114,
      "disposition": "resolved",
      "finish_reason": "stop"
    },
    {
      "arm": "repaired_clock",
      "call_type": "ballot",
      "input_tokens": 4141,
      "output_tokens": 81,
      "disposition": "resolved",
      "finish_reason": "stop"
    },
    {
      "arm": "combined_accounts",
      "call_type": "turn",
      "input_tokens": 2569,
      "output_tokens": 568,
      "disposition": "resolved",
      "finish_reason": "stop"
    },
    {
      "arm": "combined_accounts",
      "call_type": "turn",
      "input_tokens": 3961,
      "output_tokens": 229,
      "disposition": "resolved",
      "finish_reason": "stop"
    },
    {
      "arm": "combined_accounts",
      "call_type": "turn",
      "input_tokens": 3056,
      "output_tokens": 343,
      "disposition": "resolved",
      "finish_reason": "stop"
    },
    {
      "arm": "combined_accounts",
      "call_type": "ballot",
      "input_tokens": 3974,
      "output_tokens": 108,
      "disposition": "resolved",
      "finish_reason": "stop"
    },
    {
      "arm": "combined_accounts",
      "call_type": "ballot",
      "input_tokens": 3249,
      "output_tokens": 68,
      "disposition": "resolved",
      "finish_reason": "stop"
    },
    {
      "arm": "combined_accounts",
      "call_type": "ballot",
      "input_tokens": 4426,
      "output_tokens": 83,
      "disposition": "resolved",
      "finish_reason": "stop"
    },
    {
      "arm": "repaired_clock",
      "call_type": "turn",
      "input_tokens": 2920,
      "output_tokens": 259,
      "disposition": "resolved",
      "finish_reason": "stop"
    },
    {
      "arm": "repaired_clock",
      "call_type": "turn",
      "input_tokens": 3460,
      "output_tokens": 455,
      "disposition": "resolved",
      "finish_reason": "stop"
    },
    {
      "arm": "repaired_clock",
      "call_type": "turn",
      "input_tokens": 3877,
      "output_tokens": 158,
      "disposition": "resolved",
      "finish_reason": "stop"
    },
    {
      "arm": "repaired_clock",
      "call_type": "ballot",
      "input_tokens": 4401,
      "output_tokens": 105,
      "disposition": "resolved",
      "finish_reason": "stop"
    },
    {
      "arm": "repaired_clock",
      "call_type": "ballot",
      "input_tokens": 3850,
      "output_tokens": 91,
      "disposition": "resolved",
      "finish_reason": "stop"
    },
    {
      "arm": "repaired_clock",
      "call_type": "ballot",
      "input_tokens": 3445,
      "output_tokens": 73,
      "disposition": "resolved",
      "finish_reason": "stop"
    },
    {
      "arm": "combined_accounts",
      "call_type": "turn",
      "input_tokens": 2064,
      "output_tokens": 578,
      "disposition": "resolved",
      "finish_reason": "stop"
    },
    {
      "arm": "combined_accounts",
      "call_type": "turn",
      "input_tokens": 3585,
      "output_tokens": 292,
      "disposition": "resolved",
      "finish_reason": "stop"
    },
    {
      "arm": "combined_accounts",
      "call_type": "turn",
      "input_tokens": 4604,
      "output_tokens": 324,
      "disposition": "resolved",
      "finish_reason": "stop"
    },
    {
      "arm": "combined_accounts",
      "call_type": "ballot",
      "input_tokens": 4696,
      "output_tokens": 83,
      "disposition": "resolved",
      "finish_reason": "stop"
    },
    {
      "arm": "combined_accounts",
      "call_type": "ballot",
      "input_tokens": 4124,
      "output_tokens": 107,
      "disposition": "resolved",
      "finish_reason": "stop"
    },
    {
      "arm": "combined_accounts",
      "call_type": "ballot",
      "input_tokens": 3697,
      "output_tokens": 102,
      "disposition": "resolved",
      "finish_reason": "stop"
    },
    {
      "arm": "repaired_clock",
      "call_type": "turn",
      "input_tokens": 3321,
      "output_tokens": 338,
      "disposition": "resolved",
      "finish_reason": "stop"
    },
    {
      "arm": "repaired_clock",
      "call_type": "turn",
      "input_tokens": 3316,
      "output_tokens": 434,
      "disposition": "resolved",
      "finish_reason": "stop"
    },
    {
      "arm": "repaired_clock",
      "call_type": "turn",
      "input_tokens": 4282,
      "output_tokens": 452,
      "disposition": "resolved",
      "finish_reason": "stop"
    },
    {
      "arm": "repaired_clock",
      "call_type": "ballot",
      "input_tokens": 4736,
      "output_tokens": 97,
      "disposition": "resolved",
      "finish_reason": "stop"
    },
    {
      "arm": "repaired_clock",
      "call_type": "ballot",
      "input_tokens": 3938,
      "output_tokens": 96,
      "disposition": "resolved",
      "finish_reason": "stop"
    },
    {
      "arm": "repaired_clock",
      "call_type": "ballot",
      "input_tokens": 4125,
      "output_tokens": 97,
      "disposition": "resolved",
      "finish_reason": "stop"
    },
    {
      "arm": "combined_accounts",
      "call_type": "turn",
      "input_tokens": 2461,
      "output_tokens": 805,
      "disposition": "resolved",
      "finish_reason": "stop"
    },
    {
      "arm": "combined_accounts",
      "call_type": "turn",
      "input_tokens": 3700,
      "output_tokens": 305,
      "disposition": "resolved",
      "finish_reason": "stop"
    },
    {
      "arm": "combined_accounts",
      "call_type": "turn",
      "input_tokens": 4852,
      "output_tokens": 342,
      "disposition": "resolved",
      "finish_reason": "stop"
    },
    {
      "arm": "combined_accounts",
      "call_type": "ballot",
      "input_tokens": 5020,
      "output_tokens": 70,
      "disposition": "resolved",
      "finish_reason": "stop"
    },
    {
      "arm": "combined_accounts",
      "call_type": "ballot",
      "input_tokens": 4248,
      "output_tokens": 68,
      "disposition": "resolved",
      "finish_reason": "stop"
    },
    {
      "arm": "combined_accounts",
      "call_type": "ballot",
      "input_tokens": 4448,
      "output_tokens": 112,
      "disposition": "resolved",
      "finish_reason": "stop"
    },
    {
      "arm": "repaired_clock",
      "call_type": "turn",
      "input_tokens": 3309,
      "output_tokens": 269,
      "disposition": "resolved",
      "finish_reason": "stop"
    },
    {
      "arm": "repaired_clock",
      "call_type": "turn",
      "input_tokens": 3448,
      "output_tokens": 126,
      "disposition": "resolved",
      "finish_reason": "stop"
    },
    {
      "arm": "repaired_clock",
      "call_type": "turn",
      "input_tokens": 3141,
      "output_tokens": 257,
      "disposition": "resolved",
      "finish_reason": "stop"
    },
    {
      "arm": "repaired_clock",
      "call_type": "ballot",
      "input_tokens": 3953,
      "output_tokens": 74,
      "disposition": "resolved",
      "finish_reason": "stop"
    },
    {
      "arm": "repaired_clock",
      "call_type": "ballot",
      "input_tokens": 3511,
      "output_tokens": 86,
      "disposition": "resolved",
      "finish_reason": "stop"
    },
    {
      "arm": "repaired_clock",
      "call_type": "ballot",
      "input_tokens": 3369,
      "output_tokens": 123,
      "disposition": "resolved",
      "finish_reason": "stop"
    },
    {
      "arm": "combined_accounts",
      "call_type": "turn",
      "input_tokens": 2444,
      "output_tokens": 569,
      "disposition": "resolved",
      "finish_reason": "stop"
    },
    {
      "arm": "combined_accounts",
      "call_type": "turn",
      "input_tokens": 3941,
      "output_tokens": 270,
      "disposition": "resolved",
      "finish_reason": "stop"
    },
    {
      "arm": "combined_accounts",
      "call_type": "turn",
      "input_tokens": 3670,
      "output_tokens": 402,
      "disposition": "resolved",
      "finish_reason": "stop"
    },
    {
      "arm": "combined_accounts",
      "call_type": "ballot",
      "input_tokens": 4665,
      "output_tokens": 75,
      "disposition": "resolved",
      "finish_reason": "stop"
    },
    {
      "arm": "combined_accounts",
      "call_type": "ballot",
      "input_tokens": 4079,
      "output_tokens": 78,
      "disposition": "resolved",
      "finish_reason": "stop"
    },
    {
      "arm": "combined_accounts",
      "call_type": "ballot",
      "input_tokens": 3940,
      "output_tokens": 105,
      "disposition": "resolved",
      "finish_reason": "stop"
    },
    {
      "arm": "repaired_clock",
      "call_type": "turn",
      "input_tokens": 3165,
      "output_tokens": 341,
      "disposition": "resolved",
      "finish_reason": "stop"
    },
    {
      "arm": "repaired_clock",
      "call_type": "turn",
      "input_tokens": 3352,
      "output_tokens": 157,
      "disposition": "resolved",
      "finish_reason": "stop"
    },
    {
      "arm": "repaired_clock",
      "call_type": "turn",
      "input_tokens": 2665,
      "output_tokens": 273,
      "disposition": "resolved",
      "finish_reason": "stop"
    },
    {
      "arm": "repaired_clock",
      "call_type": "ballot",
      "input_tokens": 2899,
      "output_tokens": 92,
      "disposition": "resolved",
      "finish_reason": "stop"
    },
    {
      "arm": "repaired_clock",
      "call_type": "ballot",
      "input_tokens": 3892,
      "output_tokens": 101,
      "disposition": "resolved",
      "finish_reason": "stop"
    },
    {
      "arm": "repaired_clock",
      "call_type": "ballot",
      "input_tokens": 3456,
      "output_tokens": 110,
      "disposition": "resolved",
      "finish_reason": "stop"
    },
    {
      "arm": "combined_accounts",
      "call_type": "turn",
      "input_tokens": 2298,
      "output_tokens": 610,
      "disposition": "resolved",
      "finish_reason": "stop"
    },
    {
      "arm": "combined_accounts",
      "call_type": "turn",
      "input_tokens": 4012,
      "output_tokens": 361,
      "disposition": "resolved",
      "finish_reason": "stop"
    },
    {
      "arm": "combined_accounts",
      "call_type": "turn",
      "input_tokens": 3563,
      "output_tokens": 254,
      "disposition": "resolved",
      "finish_reason": "stop"
    },
    {
      "arm": "combined_accounts",
      "call_type": "ballot",
      "input_tokens": 3585,
      "output_tokens": 99,
      "disposition": "resolved",
      "finish_reason": "stop"
    },
    {
      "arm": "combined_accounts",
      "call_type": "ballot",
      "input_tokens": 4698,
      "output_tokens": 79,
      "disposition": "resolved",
      "finish_reason": "stop"
    },
    {
      "arm": "combined_accounts",
      "call_type": "ballot",
      "input_tokens": 4142,
      "output_tokens": 66,
      "disposition": "resolved",
      "finish_reason": "stop"
    },
    {
      "arm": "repaired_clock",
      "call_type": "turn",
      "input_tokens": 2982,
      "output_tokens": 303,
      "disposition": "resolved",
      "finish_reason": "stop"
    },
    {
      "arm": "repaired_clock",
      "call_type": "turn",
      "input_tokens": 3526,
      "output_tokens": 175,
      "disposition": "resolved",
      "finish_reason": "stop"
    },
    {
      "arm": "repaired_clock",
      "call_type": "turn",
      "input_tokens": 3552,
      "output_tokens": 381,
      "disposition": "resolved",
      "finish_reason": "stop"
    },
    {
      "arm": "repaired_clock",
      "call_type": "ballot",
      "input_tokens": 3866,
      "output_tokens": 100,
      "disposition": "resolved",
      "finish_reason": "stop"
    },
    {
      "arm": "repaired_clock",
      "call_type": "ballot",
      "input_tokens": 3312,
      "output_tokens": 105,
      "disposition": "resolved",
      "finish_reason": "stop"
    },
    {
      "arm": "repaired_clock",
      "call_type": "ballot",
      "input_tokens": 4230,
      "output_tokens": 100,
      "disposition": "resolved",
      "finish_reason": "stop"
    },
    {
      "arm": "combined_accounts",
      "call_type": "turn",
      "input_tokens": 2122,
      "output_tokens": 621,
      "disposition": "resolved",
      "finish_reason": "stop"
    },
    {
      "arm": "combined_accounts",
      "call_type": "turn",
      "input_tokens": 4166,
      "output_tokens": 516,
      "disposition": "resolved",
      "finish_reason": "stop"
    },
    {
      "arm": "combined_accounts",
      "call_type": "turn",
      "input_tokens": 4729,
      "output_tokens": 565,
      "disposition": "resolved",
      "finish_reason": "stop"
    },
    {
      "arm": "combined_accounts",
      "call_type": "ballot",
      "input_tokens": 5272,
      "output_tokens": 105,
      "disposition": "resolved",
      "finish_reason": "stop"
    },
    {
      "arm": "combined_accounts",
      "call_type": "ballot",
      "input_tokens": 4746,
      "output_tokens": 97,
      "disposition": "resolved",
      "finish_reason": "stop"
    },
    {
      "arm": "combined_accounts",
      "call_type": "ballot",
      "input_tokens": 5670,
      "output_tokens": 104,
      "disposition": "resolved",
      "finish_reason": "stop"
    },
    {
      "arm": "repaired_clock",
      "call_type": "turn",
      "input_tokens": 3330,
      "output_tokens": 330,
      "disposition": "resolved",
      "finish_reason": "stop"
    },
    {
      "arm": "repaired_clock",
      "call_type": "turn",
      "input_tokens": 3196,
      "output_tokens": 152,
      "disposition": "resolved",
      "finish_reason": "stop"
    },
    {
      "arm": "repaired_clock",
      "call_type": "turn",
      "input_tokens": 2723,
      "output_tokens": 375,
      "disposition": "resolved",
      "finish_reason": "stop"
    },
    {
      "arm": "repaired_clock",
      "call_type": "ballot",
      "input_tokens": 2990,
      "output_tokens": 84,
      "disposition": "resolved",
      "finish_reason": "stop"
    },
    {
      "arm": "repaired_clock",
      "call_type": "ballot",
      "input_tokens": 3653,
      "output_tokens": 103,
      "disposition": "resolved",
      "finish_reason": "stop"
    },
    {
      "arm": "repaired_clock",
      "call_type": "ballot",
      "input_tokens": 3772,
      "output_tokens": 101,
      "disposition": "resolved",
      "finish_reason": "stop"
    },
    {
      "arm": "combined_accounts",
      "call_type": "turn",
      "input_tokens": 2465,
      "output_tokens": 429,
      "disposition": "resolved",
      "finish_reason": "stop"
    },
    {
      "arm": "combined_accounts",
      "call_type": "turn",
      "input_tokens": 3350,
      "output_tokens": 436,
      "disposition": "resolved",
      "finish_reason": "stop"
    },
    {
      "arm": "combined_accounts",
      "call_type": "turn",
      "input_tokens": 3164,
      "output_tokens": 206,
      "disposition": "resolved",
      "finish_reason": "stop"
    },
    {
      "arm": "combined_accounts",
      "call_type": "ballot",
      "input_tokens": 3106,
      "output_tokens": 100,
      "disposition": "resolved",
      "finish_reason": "stop"
    },
    {
      "arm": "combined_accounts",
      "call_type": "ballot",
      "input_tokens": 3766,
      "output_tokens": 120,
      "disposition": "resolved",
      "finish_reason": "stop"
    },
    {
      "arm": "combined_accounts",
      "call_type": "ballot",
      "input_tokens": 4036,
      "output_tokens": 72,
      "disposition": "resolved",
      "finish_reason": "stop"
    },
    {
      "arm": "repaired_clock",
      "call_type": "turn",
      "input_tokens": 3912,
      "output_tokens": 360,
      "disposition": "resolved",
      "finish_reason": "stop"
    },
    {
      "arm": "repaired_clock",
      "call_type": "turn",
      "input_tokens": 3712,
      "output_tokens": 520,
      "disposition": "resolved",
      "finish_reason": "stop"
    },
    {
      "arm": "repaired_clock",
      "call_type": "turn",
      "input_tokens": 4354,
      "output_tokens": 343,
      "disposition": "resolved",
      "finish_reason": "stop"
    },
    {
      "arm": "repaired_clock",
      "call_type": "ballot",
      "input_tokens": 4749,
      "output_tokens": 95,
      "disposition": "resolved",
      "finish_reason": "stop"
    },
    {
      "arm": "repaired_clock",
      "call_type": "ballot",
      "input_tokens": 4224,
      "output_tokens": 107,
      "disposition": "resolved",
      "finish_reason": "stop"
    },
    {
      "arm": "repaired_clock",
      "call_type": "ballot",
      "input_tokens": 4653,
      "output_tokens": 101,
      "disposition": "resolved",
      "finish_reason": "stop"
    },
    {
      "arm": "combined_accounts",
      "call_type": "turn",
      "input_tokens": 3050,
      "output_tokens": 995,
      "disposition": "resolved",
      "finish_reason": "stop"
    },
    {
      "arm": "combined_accounts",
      "call_type": "turn",
      "input_tokens": 4421,
      "output_tokens": 227,
      "disposition": "resolved",
      "finish_reason": "stop"
    },
    {
      "arm": "combined_accounts",
      "call_type": "turn",
      "input_tokens": 5165,
      "output_tokens": 289,
      "disposition": "resolved",
      "finish_reason": "stop"
    },
    {
      "arm": "combined_accounts",
      "call_type": "ballot",
      "input_tokens": 5258,
      "output_tokens": 82,
      "disposition": "resolved",
      "finish_reason": "stop"
    },
    {
      "arm": "combined_accounts",
      "call_type": "ballot",
      "input_tokens": 4759,
      "output_tokens": 81,
      "disposition": "resolved",
      "finish_reason": "stop"
    },
    {
      "arm": "combined_accounts",
      "call_type": "ballot",
      "input_tokens": 5204,
      "output_tokens": 109,
      "disposition": "resolved",
      "finish_reason": "stop"
    },
    {
      "arm": "repaired_clock",
      "call_type": "turn",
      "input_tokens": 3017,
      "output_tokens": 285,
      "disposition": "resolved",
      "finish_reason": "stop"
    },
    {
      "arm": "repaired_clock",
      "call_type": "turn",
      "input_tokens": 3239,
      "output_tokens": 131,
      "disposition": "resolved",
      "finish_reason": "stop"
    },
    {
      "arm": "repaired_clock",
      "call_type": "turn",
      "input_tokens": 2827,
      "output_tokens": 426,
      "disposition": "resolved",
      "finish_reason": "stop"
    },
    {
      "arm": "repaired_clock",
      "call_type": "ballot",
      "input_tokens": 3304,
      "output_tokens": 100,
      "disposition": "resolved",
      "finish_reason": "stop"
    },
    {
      "arm": "repaired_clock",
      "call_type": "ballot",
      "input_tokens": 3124,
      "output_tokens": 97,
      "disposition": "resolved",
      "finish_reason": "stop"
    },
    {
      "arm": "repaired_clock",
      "call_type": "ballot",
      "input_tokens": 3796,
      "output_tokens": 89,
      "disposition": "resolved",
      "finish_reason": "stop"
    },
    {
      "arm": "combined_accounts",
      "call_type": "turn",
      "input_tokens": 2157,
      "output_tokens": 457,
      "disposition": "resolved",
      "finish_reason": "stop"
    },
    {
      "arm": "combined_accounts",
      "call_type": "turn",
      "input_tokens": 2622,
      "output_tokens": 293,
      "disposition": "resolved",
      "finish_reason": "stop"
    },
    {
      "arm": "combined_accounts",
      "call_type": "turn",
      "input_tokens": 3819,
      "output_tokens": 566,
      "disposition": "resolved",
      "finish_reason": "stop"
    },
    {
      "arm": "combined_accounts",
      "call_type": "ballot",
      "input_tokens": 3838,
      "output_tokens": 90,
      "disposition": "resolved",
      "finish_reason": "stop"
    },
    {
      "arm": "combined_accounts",
      "call_type": "ballot",
      "input_tokens": 3645,
      "output_tokens": 95,
      "disposition": "resolved",
      "finish_reason": "stop"
    },
    {
      "arm": "combined_accounts",
      "call_type": "ballot",
      "input_tokens": 4469,
      "output_tokens": 99,
      "disposition": "resolved",
      "finish_reason": "stop"
    },
    {
      "arm": "repaired_clock",
      "call_type": "turn",
      "input_tokens": 2860,
      "output_tokens": 243,
      "disposition": "resolved",
      "finish_reason": "stop"
    },
    {
      "arm": "repaired_clock",
      "call_type": "turn",
      "input_tokens": 3084,
      "output_tokens": 170,
      "disposition": "resolved",
      "finish_reason": "stop"
    },
    {
      "arm": "repaired_clock",
      "call_type": "turn",
      "input_tokens": 2856,
      "output_tokens": 246,
      "disposition": "resolved",
      "finish_reason": "stop"
    },
    {
      "arm": "repaired_clock",
      "call_type": "ballot",
      "input_tokens": 3599,
      "output_tokens": 102,
      "disposition": "resolved",
      "finish_reason": "stop"
    },
    {
      "arm": "repaired_clock",
      "call_type": "ballot",
      "input_tokens": 3068,
      "output_tokens": 103,
      "disposition": "resolved",
      "finish_reason": "stop"
    },
    {
      "arm": "repaired_clock",
      "call_type": "ballot",
      "input_tokens": 3055,
      "output_tokens": 73,
      "disposition": "resolved",
      "finish_reason": "stop"
    },
    {
      "arm": "combined_accounts",
      "call_type": "turn",
      "input_tokens": 2000,
      "output_tokens": 320,
      "disposition": "resolved",
      "finish_reason": "stop"
    },
    {
      "arm": "combined_accounts",
      "call_type": "turn",
      "input_tokens": 3139,
      "output_tokens": 615,
      "disposition": "resolved",
      "finish_reason": "stop"
    },
    {
      "arm": "combined_accounts",
      "call_type": "turn",
      "input_tokens": 3770,
      "output_tokens": 402,
      "disposition": "resolved",
      "finish_reason": "stop"
    },
    {
      "arm": "combined_accounts",
      "call_type": "ballot",
      "input_tokens": 4643,
      "output_tokens": 69,
      "disposition": "resolved",
      "finish_reason": "stop"
    },
    {
      "arm": "combined_accounts",
      "call_type": "ballot",
      "input_tokens": 3977,
      "output_tokens": 100,
      "disposition": "resolved",
      "finish_reason": "stop"
    },
    {
      "arm": "combined_accounts",
      "call_type": "ballot",
      "input_tokens": 3970,
      "output_tokens": 94,
      "disposition": "resolved",
      "finish_reason": "stop"
    },
    {
      "arm": "repaired_clock",
      "call_type": "turn",
      "input_tokens": 3134,
      "output_tokens": 317,
      "disposition": "resolved",
      "finish_reason": "stop"
    },
    {
      "arm": "repaired_clock",
      "call_type": "turn",
      "input_tokens": 3671,
      "output_tokens": 158,
      "disposition": "resolved",
      "finish_reason": "stop"
    },
    {
      "arm": "repaired_clock",
      "call_type": "turn",
      "input_tokens": 2942,
      "output_tokens": 205,
      "disposition": "resolved",
      "finish_reason": "stop"
    },
    {
      "arm": "repaired_clock",
      "call_type": "ballot",
      "input_tokens": 3399,
      "output_tokens": 102,
      "disposition": "resolved",
      "finish_reason": "stop"
    },
    {
      "arm": "repaired_clock",
      "call_type": "ballot",
      "input_tokens": 3124,
      "output_tokens": 71,
      "disposition": "resolved",
      "finish_reason": "stop"
    },
    {
      "arm": "repaired_clock",
      "call_type": "ballot",
      "input_tokens": 4115,
      "output_tokens": 97,
      "disposition": "resolved",
      "finish_reason": "stop"
    },
    {
      "arm": "combined_accounts",
      "call_type": "turn",
      "input_tokens": 2262,
      "output_tokens": 662,
      "disposition": "resolved",
      "finish_reason": "stop"
    },
    {
      "arm": "combined_accounts",
      "call_type": "turn",
      "input_tokens": 3160,
      "output_tokens": 321,
      "disposition": "resolved",
      "finish_reason": "stop"
    },
    {
      "arm": "combined_accounts",
      "call_type": "turn",
      "input_tokens": 4760,
      "output_tokens": 264,
      "disposition": "resolved",
      "finish_reason": "stop"
    },
    {
      "arm": "combined_accounts",
      "call_type": "ballot",
      "input_tokens": 3911,
      "output_tokens": 67,
      "disposition": "resolved",
      "finish_reason": "stop"
    },
    {
      "arm": "combined_accounts",
      "call_type": "ballot",
      "input_tokens": 3643,
      "output_tokens": 102,
      "disposition": "resolved",
      "finish_reason": "stop"
    },
    {
      "arm": "combined_accounts",
      "call_type": "ballot",
      "input_tokens": 4769,
      "output_tokens": 108,
      "disposition": "resolved",
      "finish_reason": "stop"
    },
    {
      "arm": "repaired_clock",
      "call_type": "turn",
      "input_tokens": 2850,
      "output_tokens": 289,
      "disposition": "resolved",
      "finish_reason": "stop"
    },
    {
      "arm": "repaired_clock",
      "call_type": "turn",
      "input_tokens": 3244,
      "output_tokens": 157,
      "disposition": "resolved",
      "finish_reason": "stop"
    },
    {
      "arm": "repaired_clock",
      "call_type": "turn",
      "input_tokens": 2973,
      "output_tokens": 290,
      "disposition": "resolved",
      "finish_reason": "stop"
    },
    {
      "arm": "repaired_clock",
      "call_type": "ballot",
      "input_tokens": 3233,
      "output_tokens": 105,
      "disposition": "resolved",
      "finish_reason": "stop"
    },
    {
      "arm": "repaired_clock",
      "call_type": "ballot",
      "input_tokens": 3130,
      "output_tokens": 78,
      "disposition": "resolved",
      "finish_reason": "stop"
    },
    {
      "arm": "repaired_clock",
      "call_type": "ballot",
      "input_tokens": 3818,
      "output_tokens": 102,
      "disposition": "resolved",
      "finish_reason": "stop"
    },
    {
      "arm": "combined_accounts",
      "call_type": "turn",
      "input_tokens": 1985,
      "output_tokens": 403,
      "disposition": "resolved",
      "finish_reason": "stop"
    },
    {
      "arm": "combined_accounts",
      "call_type": "turn",
      "input_tokens": 3398,
      "output_tokens": 198,
      "disposition": "resolved",
      "finish_reason": "stop"
    },
    {
      "arm": "combined_accounts",
      "call_type": "turn",
      "input_tokens": 2897,
      "output_tokens": 437,
      "disposition": "resolved",
      "finish_reason": "stop"
    },
    {
      "arm": "combined_accounts",
      "call_type": "ballot",
      "input_tokens": 3174,
      "output_tokens": 106,
      "disposition": "resolved",
      "finish_reason": "stop"
    },
    {
      "arm": "combined_accounts",
      "call_type": "ballot",
      "input_tokens": 3079,
      "output_tokens": 94,
      "disposition": "resolved",
      "finish_reason": "stop"
    },
    {
      "arm": "combined_accounts",
      "call_type": "ballot",
      "input_tokens": 3895,
      "output_tokens": 106,
      "disposition": "resolved",
      "finish_reason": "stop"
    },
    {
      "arm": "repaired_clock",
      "call_type": "turn",
      "input_tokens": 3890,
      "output_tokens": 309,
      "disposition": "resolved",
      "finish_reason": "stop"
    },
    {
      "arm": "repaired_clock",
      "call_type": "turn",
      "input_tokens": 3498,
      "output_tokens": 192,
      "disposition": "resolved",
      "finish_reason": "stop"
    },
    {
      "arm": "repaired_clock",
      "call_type": "turn",
      "input_tokens": 2831,
      "output_tokens": 263,
      "disposition": "resolved",
      "finish_reason": "stop"
    },
    {
      "arm": "repaired_clock",
      "call_type": "ballot",
      "input_tokens": 4080,
      "output_tokens": 97,
      "disposition": "resolved",
      "finish_reason": "stop"
    },
    {
      "arm": "repaired_clock",
      "call_type": "ballot",
      "input_tokens": 3063,
      "output_tokens": 93,
      "disposition": "resolved",
      "finish_reason": "stop"
    },
    {
      "arm": "repaired_clock",
      "call_type": "ballot",
      "input_tokens": 4167,
      "output_tokens": 112,
      "disposition": "resolved",
      "finish_reason": "stop"
    },
    {
      "arm": "combined_accounts",
      "call_type": "turn",
      "input_tokens": 3025,
      "output_tokens": 430,
      "disposition": "resolved",
      "finish_reason": "stop"
    },
    {
      "arm": "combined_accounts",
      "call_type": "turn",
      "input_tokens": 3731,
      "output_tokens": 564,
      "disposition": "resolved",
      "finish_reason": "stop"
    },
    {
      "arm": "combined_accounts",
      "call_type": "turn",
      "input_tokens": 3674,
      "output_tokens": 323,
      "disposition": "resolved",
      "finish_reason": "stop"
    },
    {
      "arm": "combined_accounts",
      "call_type": "ballot",
      "input_tokens": 4888,
      "output_tokens": 70,
      "disposition": "resolved",
      "finish_reason": "stop"
    },
    {
      "arm": "combined_accounts",
      "call_type": "ballot",
      "input_tokens": 3736,
      "output_tokens": 81,
      "disposition": "resolved",
      "finish_reason": "stop"
    },
    {
      "arm": "combined_accounts",
      "call_type": "ballot",
      "input_tokens": 4826,
      "output_tokens": 112,
      "disposition": "resolved",
      "finish_reason": "stop"
    },
    {
      "arm": "repaired_clock",
      "call_type": "turn",
      "input_tokens": 3110,
      "output_tokens": 338,
      "disposition": "resolved",
      "finish_reason": "stop"
    },
    {
      "arm": "repaired_clock",
      "call_type": "turn",
      "input_tokens": 3571,
      "output_tokens": 155,
      "disposition": "resolved",
      "finish_reason": "stop"
    },
    {
      "arm": "repaired_clock",
      "call_type": "turn",
      "input_tokens": 2905,
      "output_tokens": 283,
      "disposition": "resolved",
      "finish_reason": "stop"
    },
    {
      "arm": "repaired_clock",
      "call_type": "ballot",
      "input_tokens": 3385,
      "output_tokens": 98,
      "disposition": "resolved",
      "finish_reason": "stop"
    },
    {
      "arm": "repaired_clock",
      "call_type": "ballot",
      "input_tokens": 3134,
      "output_tokens": 95,
      "disposition": "resolved",
      "finish_reason": "stop"
    },
    {
      "arm": "repaired_clock",
      "call_type": "ballot",
      "input_tokens": 4245,
      "output_tokens": 79,
      "disposition": "resolved",
      "finish_reason": "stop"
    },
    {
      "arm": "combined_accounts",
      "call_type": "turn",
      "input_tokens": 2239,
      "output_tokens": 598,
      "disposition": "resolved",
      "finish_reason": "stop"
    },
    {
      "arm": "combined_accounts",
      "call_type": "turn",
      "input_tokens": 3952,
      "output_tokens": 318,
      "disposition": "resolved",
      "finish_reason": "stop"
    },
    {
      "arm": "combined_accounts",
      "call_type": "turn",
      "input_tokens": 3381,
      "output_tokens": 480,
      "disposition": "resolved",
      "finish_reason": "stop"
    },
    {
      "arm": "combined_accounts",
      "call_type": "ballot",
      "input_tokens": 4000,
      "output_tokens": 121,
      "disposition": "resolved",
      "finish_reason": "stop"
    },
    {
      "arm": "combined_accounts",
      "call_type": "ballot",
      "input_tokens": 3758,
      "output_tokens": 111,
      "disposition": "resolved",
      "finish_reason": "stop"
    },
    {
      "arm": "combined_accounts",
      "call_type": "ballot",
      "input_tokens": 4833,
      "output_tokens": 73,
      "disposition": "resolved",
      "finish_reason": "stop"
    },
    {
      "arm": "repaired_clock",
      "call_type": "turn",
      "input_tokens": 3452,
      "output_tokens": 273,
      "disposition": "resolved",
      "finish_reason": "stop"
    },
    {
      "arm": "repaired_clock",
      "call_type": "turn",
      "input_tokens": 3532,
      "output_tokens": 157,
      "disposition": "resolved",
      "finish_reason": "stop"
    },
    {
      "arm": "repaired_clock",
      "call_type": "turn",
      "input_tokens": 3435,
      "output_tokens": 346,
      "disposition": "resolved",
      "finish_reason": "stop"
    },
    {
      "arm": "repaired_clock",
      "call_type": "ballot",
      "input_tokens": 3791,
      "output_tokens": 103,
      "disposition": "resolved",
      "finish_reason": "stop"
    },
    {
      "arm": "repaired_clock",
      "call_type": "ballot",
      "input_tokens": 4121,
      "output_tokens": 95,
      "disposition": "resolved",
      "finish_reason": "stop"
    },
    {
      "arm": "repaired_clock",
      "call_type": "ballot",
      "input_tokens": 3744,
      "output_tokens": 102,
      "disposition": "resolved",
      "finish_reason": "stop"
    },
    {
      "arm": "combined_accounts",
      "call_type": "turn",
      "input_tokens": 2581,
      "output_tokens": 415,
      "disposition": "resolved",
      "finish_reason": "stop"
    },
    {
      "arm": "combined_accounts",
      "call_type": "turn",
      "input_tokens": 3665,
      "output_tokens": 263,
      "disposition": "resolved",
      "finish_reason": "stop"
    },
    {
      "arm": "combined_accounts",
      "call_type": "turn",
      "input_tokens": 3572,
      "output_tokens": 306,
      "disposition": "resolved",
      "finish_reason": "stop"
    },
    {
      "arm": "combined_accounts",
      "call_type": "ballot",
      "input_tokens": 3672,
      "output_tokens": 80,
      "disposition": "resolved",
      "finish_reason": "stop"
    },
    {
      "arm": "combined_accounts",
      "call_type": "ballot",
      "input_tokens": 4146,
      "output_tokens": 105,
      "disposition": "resolved",
      "finish_reason": "stop"
    },
    {
      "arm": "combined_accounts",
      "call_type": "ballot",
      "input_tokens": 3631,
      "output_tokens": 117,
      "disposition": "resolved",
      "finish_reason": "stop"
    },
    {
      "arm": "repaired_clock",
      "call_type": "turn",
      "input_tokens": 2917,
      "output_tokens": 329,
      "disposition": "resolved",
      "finish_reason": "stop"
    },
    {
      "arm": "repaired_clock",
      "call_type": "turn",
      "input_tokens": 3603,
      "output_tokens": 186,
      "disposition": "resolved",
      "finish_reason": "stop"
    },
    {
      "arm": "repaired_clock",
      "call_type": "turn",
      "input_tokens": 3006,
      "output_tokens": 281,
      "disposition": "resolved",
      "finish_reason": "stop"
    },
    {
      "arm": "repaired_clock",
      "call_type": "ballot",
      "input_tokens": 3253,
      "output_tokens": 95,
      "disposition": "resolved",
      "finish_reason": "stop"
    },
    {
      "arm": "repaired_clock",
      "call_type": "ballot",
      "input_tokens": 4144,
      "output_tokens": 101,
      "disposition": "resolved",
      "finish_reason": "stop"
    },
    {
      "arm": "repaired_clock",
      "call_type": "ballot",
      "input_tokens": 3248,
      "output_tokens": 85,
      "disposition": "resolved",
      "finish_reason": "stop"
    },
    {
      "arm": "combined_accounts",
      "call_type": "turn",
      "input_tokens": 2050,
      "output_tokens": 481,
      "disposition": "resolved",
      "finish_reason": "stop"
    },
    {
      "arm": "combined_accounts",
      "call_type": "turn",
      "input_tokens": 3746,
      "output_tokens": 235,
      "disposition": "resolved",
      "finish_reason": "stop"
    },
    {
      "arm": "combined_accounts",
      "call_type": "turn",
      "input_tokens": 3053,
      "output_tokens": 272,
      "disposition": "resolved",
      "finish_reason": "stop"
    },
    {
      "arm": "combined_accounts",
      "call_type": "ballot",
      "input_tokens": 3002,
      "output_tokens": 70,
      "disposition": "resolved",
      "finish_reason": "stop"
    },
    {
      "arm": "combined_accounts",
      "call_type": "ballot",
      "input_tokens": 4024,
      "output_tokens": 93,
      "disposition": "resolved",
      "finish_reason": "stop"
    },
    {
      "arm": "combined_accounts",
      "call_type": "ballot",
      "input_tokens": 2999,
      "output_tokens": 99,
      "disposition": "resolved",
      "finish_reason": "stop"
    },
    {
      "arm": "repaired_clock",
      "call_type": "turn",
      "input_tokens": 2865,
      "output_tokens": 265,
      "disposition": "resolved",
      "finish_reason": "stop"
    },
    {
      "arm": "repaired_clock",
      "call_type": "turn",
      "input_tokens": 3540,
      "output_tokens": 400,
      "disposition": "resolved",
      "finish_reason": "stop"
    },
    {
      "arm": "repaired_clock",
      "call_type": "turn",
      "input_tokens": 4177,
      "output_tokens": 327,
      "disposition": "resolved",
      "finish_reason": "stop"
    },
    {
      "arm": "repaired_clock",
      "call_type": "ballot",
      "input_tokens": 3270,
      "output_tokens": 84,
      "disposition": "resolved",
      "finish_reason": "stop"
    },
    {
      "arm": "repaired_clock",
      "call_type": "ballot",
      "input_tokens": 3852,
      "output_tokens": 128,
      "disposition": "resolved",
      "finish_reason": "stop"
    },
    {
      "arm": "repaired_clock",
      "call_type": "ballot",
      "input_tokens": 4373,
      "output_tokens": 91,
      "disposition": "resolved",
      "finish_reason": "stop"
    },
    {
      "arm": "combined_accounts",
      "call_type": "turn",
      "input_tokens": 2000,
      "output_tokens": 479,
      "disposition": "resolved",
      "finish_reason": "stop"
    },
    {
      "arm": "combined_accounts",
      "call_type": "turn",
      "input_tokens": 3807,
      "output_tokens": 265,
      "disposition": "resolved",
      "finish_reason": "stop"
    },
    {
      "arm": "combined_accounts",
      "call_type": "turn",
      "input_tokens": 3626,
      "output_tokens": 530,
      "disposition": "resolved",
      "finish_reason": "stop"
    },
    {
      "arm": "combined_accounts",
      "call_type": "ballot",
      "input_tokens": 3558,
      "output_tokens": 81,
      "disposition": "resolved",
      "finish_reason": "stop"
    },
    {
      "arm": "combined_accounts",
      "call_type": "ballot",
      "input_tokens": 4145,
      "output_tokens": 78,
      "disposition": "resolved",
      "finish_reason": "stop"
    },
    {
      "arm": "combined_accounts",
      "call_type": "ballot",
      "input_tokens": 4664,
      "output_tokens": 71,
      "disposition": "resolved",
      "finish_reason": "stop"
    },
    {
      "arm": "repaired_clock",
      "call_type": "turn",
      "input_tokens": 3097,
      "output_tokens": 302,
      "disposition": "resolved",
      "finish_reason": "stop"
    },
    {
      "arm": "repaired_clock",
      "call_type": "turn",
      "input_tokens": 3524,
      "output_tokens": 157,
      "disposition": "resolved",
      "finish_reason": "stop"
    },
    {
      "arm": "repaired_clock",
      "call_type": "turn",
      "input_tokens": 3494,
      "output_tokens": 386,
      "disposition": "resolved",
      "finish_reason": "stop"
    },
    {
      "arm": "repaired_clock",
      "call_type": "ballot",
      "input_tokens": 3364,
      "output_tokens": 106,
      "disposition": "resolved",
      "finish_reason": "stop"
    },
    {
      "arm": "repaired_clock",
      "call_type": "ballot",
      "input_tokens": 4176,
      "output_tokens": 104,
      "disposition": "resolved",
      "finish_reason": "stop"
    },
    {
      "arm": "repaired_clock",
      "call_type": "ballot",
      "input_tokens": 3505,
      "output_tokens": 99,
      "disposition": "resolved",
      "finish_reason": "stop"
    },
    {
      "arm": "combined_accounts",
      "call_type": "turn",
      "input_tokens": 2225,
      "output_tokens": 485,
      "disposition": "resolved",
      "finish_reason": "stop"
    },
    {
      "arm": "combined_accounts",
      "call_type": "turn",
      "input_tokens": 3086,
      "output_tokens": 337,
      "disposition": "resolved",
      "finish_reason": "stop"
    },
    {
      "arm": "combined_accounts",
      "call_type": "turn",
      "input_tokens": 4321,
      "output_tokens": 292,
      "disposition": "resolved",
      "finish_reason": "stop"
    },
    {
      "arm": "combined_accounts",
      "call_type": "ballot",
      "input_tokens": 3536,
      "output_tokens": 119,
      "disposition": "resolved",
      "finish_reason": "stop"
    },
    {
      "arm": "combined_accounts",
      "call_type": "ballot",
      "input_tokens": 4363,
      "output_tokens": 98,
      "disposition": "resolved",
      "finish_reason": "stop"
    },
    {
      "arm": "combined_accounts",
      "call_type": "ballot",
      "input_tokens": 3692,
      "output_tokens": 100,
      "disposition": "resolved",
      "finish_reason": "stop"
    },
    {
      "arm": "repaired_clock",
      "call_type": "turn",
      "input_tokens": 3146,
      "output_tokens": 266,
      "disposition": "resolved",
      "finish_reason": "stop"
    },
    {
      "arm": "repaired_clock",
      "call_type": "turn",
      "input_tokens": 3448,
      "output_tokens": 176,
      "disposition": "resolved",
      "finish_reason": "stop"
    },
    {
      "arm": "repaired_clock",
      "call_type": "turn",
      "input_tokens": 2931,
      "output_tokens": 358,
      "disposition": "resolved",
      "finish_reason": "stop"
    },
    {
      "arm": "repaired_clock",
      "call_type": "ballot",
      "input_tokens": 4353,
      "output_tokens": 104,
      "disposition": "resolved",
      "finish_reason": "stop"
    },
    {
      "arm": "repaired_clock",
      "call_type": "ballot",
      "input_tokens": 3249,
      "output_tokens": 101,
      "disposition": "resolved",
      "finish_reason": "stop"
    },
    {
      "arm": "repaired_clock",
      "call_type": "ballot",
      "input_tokens": 3606,
      "output_tokens": 117,
      "disposition": "resolved",
      "finish_reason": "stop"
    },
    {
      "arm": "combined_accounts",
      "call_type": "turn",
      "input_tokens": 2273,
      "output_tokens": 605,
      "disposition": "resolved",
      "finish_reason": "stop"
    },
    {
      "arm": "combined_accounts",
      "call_type": "turn",
      "input_tokens": 4165,
      "output_tokens": 283,
      "disposition": "resolved",
      "finish_reason": "stop"
    },
    {
      "arm": "combined_accounts",
      "call_type": "turn",
      "input_tokens": 3663,
      "output_tokens": 595,
      "disposition": "resolved",
      "finish_reason": "stop"
    },
    {
      "arm": "combined_accounts",
      "call_type": "ballot",
      "input_tokens": 5228,
      "output_tokens": 78,
      "disposition": "resolved",
      "finish_reason": "stop"
    },
    {
      "arm": "combined_accounts",
      "call_type": "ballot",
      "input_tokens": 4268,
      "output_tokens": 97,
      "disposition": "resolved",
      "finish_reason": "stop"
    },
    {
      "arm": "combined_accounts",
      "call_type": "ballot",
      "input_tokens": 4490,
      "output_tokens": 74,
      "disposition": "resolved",
      "finish_reason": "stop"
    },
    {
      "arm": "repaired_clock",
      "call_type": "turn",
      "input_tokens": 2791,
      "output_tokens": 330,
      "disposition": "resolved",
      "finish_reason": "stop"
    },
    {
      "arm": "repaired_clock",
      "call_type": "turn",
      "input_tokens": 2722,
      "output_tokens": 403,
      "disposition": "resolved",
      "finish_reason": "stop"
    },
    {
      "arm": "repaired_clock",
      "call_type": "turn",
      "input_tokens": 3849,
      "output_tokens": 219,
      "disposition": "resolved",
      "finish_reason": "stop"
    },
    {
      "arm": "repaired_clock",
      "call_type": "ballot",
      "input_tokens": 4070,
      "output_tokens": 94,
      "disposition": "resolved",
      "finish_reason": "stop"
    },
    {
      "arm": "repaired_clock",
      "call_type": "ballot",
      "input_tokens": 3094,
      "output_tokens": 102,
      "disposition": "resolved",
      "finish_reason": "stop"
    },
    {
      "arm": "repaired_clock",
      "call_type": "ballot",
      "input_tokens": 3437,
      "output_tokens": 91,
      "disposition": "resolved",
      "finish_reason": "stop"
    },
    {
      "arm": "combined_accounts",
      "call_type": "turn",
      "input_tokens": 1929,
      "output_tokens": 575,
      "disposition": "resolved",
      "finish_reason": "stop"
    },
    {
      "arm": "combined_accounts",
      "call_type": "turn",
      "input_tokens": 2690,
      "output_tokens": 233,
      "disposition": "resolved",
      "finish_reason": "stop"
    },
    {
      "arm": "combined_accounts",
      "call_type": "turn",
      "input_tokens": 3816,
      "output_tokens": 271,
      "disposition": "resolved",
      "finish_reason": "stop"
    },
    {
      "arm": "combined_accounts",
      "call_type": "ballot",
      "input_tokens": 3884,
      "output_tokens": 67,
      "disposition": "resolved",
      "finish_reason": "stop"
    },
    {
      "arm": "combined_accounts",
      "call_type": "ballot",
      "input_tokens": 3019,
      "output_tokens": 118,
      "disposition": "resolved",
      "finish_reason": "stop"
    },
    {
      "arm": "combined_accounts",
      "call_type": "ballot",
      "input_tokens": 3256,
      "output_tokens": 110,
      "disposition": "resolved",
      "finish_reason": "stop"
    },
    {
      "arm": "repaired_clock",
      "call_type": "turn",
      "input_tokens": 3036,
      "output_tokens": 291,
      "disposition": "resolved",
      "finish_reason": "stop"
    },
    {
      "arm": "repaired_clock",
      "call_type": "turn",
      "input_tokens": 3348,
      "output_tokens": 176,
      "disposition": "resolved",
      "finish_reason": "stop"
    },
    {
      "arm": "repaired_clock",
      "call_type": "turn",
      "input_tokens": 2788,
      "output_tokens": 283,
      "disposition": "resolved",
      "finish_reason": "stop"
    },
    {
      "arm": "repaired_clock",
      "call_type": "ballot",
      "input_tokens": 3039,
      "output_tokens": 103,
      "disposition": "resolved",
      "finish_reason": "stop"
    },
    {
      "arm": "repaired_clock",
      "call_type": "ballot",
      "input_tokens": 3325,
      "output_tokens": 102,
      "disposition": "resolved",
      "finish_reason": "stop"
    },
    {
      "arm": "repaired_clock",
      "call_type": "ballot",
      "input_tokens": 3899,
      "output_tokens": 102,
      "disposition": "resolved",
      "finish_reason": "stop"
    },
    {
      "arm": "combined_accounts",
      "call_type": "turn",
      "input_tokens": 2171,
      "output_tokens": 463,
      "disposition": "resolved",
      "finish_reason": "stop"
    },
    {
      "arm": "combined_accounts",
      "call_type": "turn",
      "input_tokens": 3532,
      "output_tokens": 289,
      "disposition": "resolved",
      "finish_reason": "stop"
    },
    {
      "arm": "combined_accounts",
      "call_type": "turn",
      "input_tokens": 2911,
      "output_tokens": 335,
      "disposition": "resolved",
      "finish_reason": "stop"
    },
    {
      "arm": "combined_accounts",
      "call_type": "ballot",
      "input_tokens": 2996,
      "output_tokens": 105,
      "disposition": "resolved",
      "finish_reason": "stop"
    },
    {
      "arm": "combined_accounts",
      "call_type": "ballot",
      "input_tokens": 3284,
      "output_tokens": 119,
      "disposition": "resolved",
      "finish_reason": "stop"
    },
    {
      "arm": "combined_accounts",
      "call_type": "ballot",
      "input_tokens": 3991,
      "output_tokens": 112,
      "disposition": "resolved",
      "finish_reason": "stop"
    },
    {
      "arm": "repaired_clock",
      "call_type": "turn",
      "input_tokens": 3250,
      "output_tokens": 399,
      "disposition": "resolved",
      "finish_reason": "stop"
    },
    {
      "arm": "repaired_clock",
      "call_type": "turn",
      "input_tokens": 3561,
      "output_tokens": 163,
      "disposition": "resolved",
      "finish_reason": "stop"
    },
    {
      "arm": "repaired_clock",
      "call_type": "turn",
      "input_tokens": 3189,
      "output_tokens": 434,
      "disposition": "resolved",
      "finish_reason": "stop"
    },
    {
      "arm": "repaired_clock",
      "call_type": "ballot",
      "input_tokens": 4188,
      "output_tokens": 113,
      "disposition": "resolved",
      "finish_reason": "stop"
    },
    {
      "arm": "repaired_clock",
      "call_type": "ballot",
      "input_tokens": 3684,
      "output_tokens": 96,
      "disposition": "resolved",
      "finish_reason": "stop"
    },
    {
      "arm": "repaired_clock",
      "call_type": "ballot",
      "input_tokens": 3535,
      "output_tokens": 103,
      "disposition": "resolved",
      "finish_reason": "stop"
    },
    {
      "arm": "combined_accounts",
      "call_type": "turn",
      "input_tokens": 2388,
      "output_tokens": 753,
      "disposition": "resolved",
      "finish_reason": "stop"
    },
    {
      "arm": "combined_accounts",
      "call_type": "turn",
      "input_tokens": 4367,
      "output_tokens": 345,
      "disposition": "resolved",
      "finish_reason": "stop"
    },
    {
      "arm": "combined_accounts",
      "call_type": "turn",
      "input_tokens": 4179,
      "output_tokens": 383,
      "disposition": "resolved",
      "finish_reason": "stop"
    },
    {
      "arm": "combined_accounts",
      "call_type": "ballot",
      "input_tokens": 5251,
      "output_tokens": 81,
      "disposition": "resolved",
      "finish_reason": "stop"
    },
    {
      "arm": "combined_accounts",
      "call_type": "ballot",
      "input_tokens": 4621,
      "output_tokens": 82,
      "disposition": "resolved",
      "finish_reason": "stop"
    },
    {
      "arm": "combined_accounts",
      "call_type": "ballot",
      "input_tokens": 4467,
      "output_tokens": 70,
      "disposition": "resolved",
      "finish_reason": "stop"
    },
    {
      "arm": "repaired_clock",
      "call_type": "turn",
      "input_tokens": 2907,
      "output_tokens": 261,
      "disposition": "resolved",
      "finish_reason": "stop"
    },
    {
      "arm": "repaired_clock",
      "call_type": "turn",
      "input_tokens": 3450,
      "output_tokens": 152,
      "disposition": "resolved",
      "finish_reason": "stop"
    },
    {
      "arm": "repaired_clock",
      "call_type": "turn",
      "input_tokens": 3083,
      "output_tokens": 303,
      "disposition": "resolved",
      "finish_reason": "stop"
    },
    {
      "arm": "repaired_clock",
      "call_type": "ballot",
      "input_tokens": 3144,
      "output_tokens": 106,
      "disposition": "resolved",
      "finish_reason": "stop"
    },
    {
      "arm": "repaired_clock",
      "call_type": "ballot",
      "input_tokens": 4130,
      "output_tokens": 112,
      "disposition": "resolved",
      "finish_reason": "stop"
    },
    {
      "arm": "repaired_clock",
      "call_type": "ballot",
      "input_tokens": 3330,
      "output_tokens": 102,
      "disposition": "resolved",
      "finish_reason": "stop"
    },
    {
      "arm": "combined_accounts",
      "call_type": "turn",
      "input_tokens": 2042,
      "output_tokens": 427,
      "disposition": "resolved",
      "finish_reason": "stop"
    },
    {
      "arm": "combined_accounts",
      "call_type": "turn",
      "input_tokens": 3687,
      "output_tokens": 254,
      "disposition": "resolved",
      "finish_reason": "stop"
    },
    {
      "arm": "combined_accounts",
      "call_type": "turn",
      "input_tokens": 3236,
      "output_tokens": 279,
      "disposition": "resolved",
      "finish_reason": "stop"
    },
    {
      "arm": "combined_accounts",
      "call_type": "ballot",
      "input_tokens": 3074,
      "output_tokens": 102,
      "disposition": "resolved",
      "finish_reason": "stop"
    },
    {
      "arm": "combined_accounts",
      "call_type": "ballot",
      "input_tokens": 4070,
      "output_tokens": 102,
      "disposition": "resolved",
      "finish_reason": "stop"
    },
    {
      "arm": "combined_accounts",
      "call_type": "ballot",
      "input_tokens": 3263,
      "output_tokens": 68,
      "disposition": "resolved",
      "finish_reason": "stop"
    },
    {
      "arm": "repaired_clock",
      "call_type": "turn",
      "input_tokens": 3019,
      "output_tokens": 268,
      "disposition": "resolved",
      "finish_reason": "stop"
    },
    {
      "arm": "repaired_clock",
      "call_type": "turn",
      "input_tokens": 3346,
      "output_tokens": 153,
      "disposition": "resolved",
      "finish_reason": "stop"
    },
    {
      "arm": "repaired_clock",
      "call_type": "turn",
      "input_tokens": 2979,
      "output_tokens": 402,
      "disposition": "resolved",
      "finish_reason": "stop"
    },
    {
      "arm": "repaired_clock",
      "call_type": "ballot",
      "input_tokens": 3442,
      "output_tokens": 102,
      "disposition": "resolved",
      "finish_reason": "stop"
    },
    {
      "arm": "repaired_clock",
      "call_type": "ballot",
      "input_tokens": 3543,
      "output_tokens": 98,
      "disposition": "resolved",
      "finish_reason": "stop"
    },
    {
      "arm": "repaired_clock",
      "call_type": "ballot",
      "input_tokens": 4215,
      "output_tokens": 121,
      "disposition": "resolved",
      "finish_reason": "stop"
    },
    {
      "arm": "combined_accounts",
      "call_type": "turn",
      "input_tokens": 2148,
      "output_tokens": 623,
      "disposition": "resolved",
      "finish_reason": "stop"
    },
    {
      "arm": "combined_accounts",
      "call_type": "turn",
      "input_tokens": 3964,
      "output_tokens": 439,
      "disposition": "resolved",
      "finish_reason": "stop"
    },
    {
      "arm": "combined_accounts",
      "call_type": "turn",
      "input_tokens": 4050,
      "output_tokens": 459,
      "disposition": "resolved",
      "finish_reason": "stop"
    },
    {
      "arm": "combined_accounts",
      "call_type": "ballot",
      "input_tokens": 4326,
      "output_tokens": 82,
      "disposition": "resolved",
      "finish_reason": "stop"
    },
    {
      "arm": "combined_accounts",
      "call_type": "ballot",
      "input_tokens": 4388,
      "output_tokens": 112,
      "disposition": "resolved",
      "finish_reason": "stop"
    },
    {
      "arm": "combined_accounts",
      "call_type": "ballot",
      "input_tokens": 5105,
      "output_tokens": 72,
      "disposition": "resolved",
      "finish_reason": "stop"
    },
    {
      "arm": "repaired_clock",
      "call_type": "turn",
      "input_tokens": 2970,
      "output_tokens": 354,
      "disposition": "resolved",
      "finish_reason": "stop"
    },
    {
      "arm": "repaired_clock",
      "call_type": "turn",
      "input_tokens": 3290,
      "output_tokens": 174,
      "disposition": "resolved",
      "finish_reason": "stop"
    },
    {
      "arm": "repaired_clock",
      "call_type": "turn",
      "input_tokens": 2651,
      "output_tokens": 223,
      "disposition": "resolved",
      "finish_reason": "stop"
    },
    {
      "arm": "repaired_clock",
      "call_type": "ballot",
      "input_tokens": 2852,
      "output_tokens": 85,
      "disposition": "resolved",
      "finish_reason": "stop"
    },
    {
      "arm": "repaired_clock",
      "call_type": "ballot",
      "input_tokens": 3785,
      "output_tokens": 99,
      "disposition": "resolved",
      "finish_reason": "stop"
    },
    {
      "arm": "repaired_clock",
      "call_type": "ballot",
      "input_tokens": 3254,
      "output_tokens": 106,
      "disposition": "resolved",
      "finish_reason": "stop"
    },
    {
      "arm": "combined_accounts",
      "call_type": "turn",
      "input_tokens": 2108,
      "output_tokens": 463,
      "disposition": "resolved",
      "finish_reason": "stop"
    },
    {
      "arm": "combined_accounts",
      "call_type": "turn",
      "input_tokens": 3458,
      "output_tokens": 402,
      "disposition": "resolved",
      "finish_reason": "stop"
    },
    {
      "arm": "combined_accounts",
      "call_type": "turn",
      "input_tokens": 3003,
      "output_tokens": 536,
      "disposition": "resolved",
      "finish_reason": "stop"
    },
    {
      "arm": "combined_accounts",
      "call_type": "ballot",
      "input_tokens": 3289,
      "output_tokens": 124,
      "disposition": "resolved",
      "finish_reason": "stop"
    },
    {
      "arm": "combined_accounts",
      "call_type": "ballot",
      "input_tokens": 4357,
      "output_tokens": 104,
      "disposition": "resolved",
      "finish_reason": "stop"
    },
    {
      "arm": "combined_accounts",
      "call_type": "ballot",
      "input_tokens": 3694,
      "output_tokens": 95,
      "disposition": "resolved",
      "finish_reason": "stop"
    },
    {
      "arm": "repaired_clock",
      "call_type": "turn",
      "input_tokens": 3282,
      "output_tokens": 321,
      "disposition": "resolved",
      "finish_reason": "stop"
    },
    {
      "arm": "repaired_clock",
      "call_type": "turn",
      "input_tokens": 3567,
      "output_tokens": 170,
      "disposition": "resolved",
      "finish_reason": "stop"
    },
    {
      "arm": "repaired_clock",
      "call_type": "turn",
      "input_tokens": 3046,
      "output_tokens": 352,
      "disposition": "resolved",
      "finish_reason": "stop"
    },
    {
      "arm": "repaired_clock",
      "call_type": "ballot",
      "input_tokens": 3582,
      "output_tokens": 106,
      "disposition": "resolved",
      "finish_reason": "stop"
    },
    {
      "arm": "repaired_clock",
      "call_type": "ballot",
      "input_tokens": 4135,
      "output_tokens": 101,
      "disposition": "resolved",
      "finish_reason": "stop"
    },
    {
      "arm": "repaired_clock",
      "call_type": "ballot",
      "input_tokens": 3302,
      "output_tokens": 102,
      "disposition": "resolved",
      "finish_reason": "stop"
    },
    {
      "arm": "combined_accounts",
      "call_type": "turn",
      "input_tokens": 2415,
      "output_tokens": 538,
      "disposition": "resolved",
      "finish_reason": "stop"
    },
    {
      "arm": "combined_accounts",
      "call_type": "turn",
      "input_tokens": 3978,
      "output_tokens": 226,
      "disposition": "resolved",
      "finish_reason": "stop"
    },
    {
      "arm": "combined_accounts",
      "call_type": "turn",
      "input_tokens": 3289,
      "output_tokens": 588,
      "disposition": "resolved",
      "finish_reason": "stop"
    },
    {
      "arm": "combined_accounts",
      "call_type": "ballot",
      "input_tokens": 4172,
      "output_tokens": 73,
      "disposition": "resolved",
      "finish_reason": "stop"
    },
    {
      "arm": "combined_accounts",
      "call_type": "ballot",
      "input_tokens": 4845,
      "output_tokens": 79,
      "disposition": "resolved",
      "finish_reason": "stop"
    },
    {
      "arm": "combined_accounts",
      "call_type": "ballot",
      "input_tokens": 3887,
      "output_tokens": 74,
      "disposition": "resolved",
      "finish_reason": "stop"
    },
    {
      "arm": "repaired_clock",
      "call_type": "turn",
      "input_tokens": 3251,
      "output_tokens": 424,
      "disposition": "resolved",
      "finish_reason": "stop"
    },
    {
      "arm": "repaired_clock",
      "call_type": "turn",
      "input_tokens": 3326,
      "output_tokens": 163,
      "disposition": "resolved",
      "finish_reason": "stop"
    },
    {
      "arm": "repaired_clock",
      "call_type": "turn",
      "input_tokens": 3151,
      "output_tokens": 446,
      "disposition": "resolved",
      "finish_reason": "stop"
    },
    {
      "arm": "repaired_clock",
      "call_type": "ballot",
      "input_tokens": 3907,
      "output_tokens": 103,
      "disposition": "resolved",
      "finish_reason": "stop"
    },
    {
      "arm": "repaired_clock",
      "call_type": "ballot",
      "input_tokens": 3469,
      "output_tokens": 107,
      "disposition": "resolved",
      "finish_reason": "stop"
    },
    {
      "arm": "repaired_clock",
      "call_type": "ballot",
      "input_tokens": 3670,
      "output_tokens": 104,
      "disposition": "resolved",
      "finish_reason": "stop"
    },
    {
      "arm": "combined_accounts",
      "call_type": "turn",
      "input_tokens": 2379,
      "output_tokens": 556,
      "disposition": "resolved",
      "finish_reason": "stop"
    },
    {
      "arm": "combined_accounts",
      "call_type": "turn",
      "input_tokens": 3626,
      "output_tokens": 377,
      "disposition": "resolved",
      "finish_reason": "stop"
    },
    {
      "arm": "combined_accounts",
      "call_type": "turn",
      "input_tokens": 3760,
      "output_tokens": 473,
      "disposition": "resolved",
      "finish_reason": "stop"
    },
    {
      "arm": "combined_accounts",
      "call_type": "ballot",
      "input_tokens": 4665,
      "output_tokens": 81,
      "disposition": "resolved",
      "finish_reason": "stop"
    },
    {
      "arm": "combined_accounts",
      "call_type": "ballot",
      "input_tokens": 4101,
      "output_tokens": 113,
      "disposition": "resolved",
      "finish_reason": "stop"
    },
    {
      "arm": "combined_accounts",
      "call_type": "ballot",
      "input_tokens": 4286,
      "output_tokens": 77,
      "disposition": "resolved",
      "finish_reason": "stop"
    },
    {
      "arm": "repaired_clock",
      "call_type": "turn",
      "input_tokens": 2972,
      "output_tokens": 249,
      "disposition": "resolved",
      "finish_reason": "stop"
    },
    {
      "arm": "repaired_clock",
      "call_type": "turn",
      "input_tokens": 3483,
      "output_tokens": 164,
      "disposition": "resolved",
      "finish_reason": "stop"
    },
    {
      "arm": "repaired_clock",
      "call_type": "turn",
      "input_tokens": 3650,
      "output_tokens": 385,
      "disposition": "resolved",
      "finish_reason": "stop"
    },
    {
      "arm": "repaired_clock",
      "call_type": "ballot",
      "input_tokens": 3269,
      "output_tokens": 103,
      "disposition": "resolved",
      "finish_reason": "stop"
    },
    {
      "arm": "repaired_clock",
      "call_type": "ballot",
      "input_tokens": 3701,
      "output_tokens": 143,
      "disposition": "resolved",
      "finish_reason": "stop"
    },
    {
      "arm": "repaired_clock",
      "call_type": "ballot",
      "input_tokens": 4209,
      "output_tokens": 111,
      "disposition": "resolved",
      "finish_reason": "stop"
    },
    {
      "arm": "combined_accounts",
      "call_type": "turn",
      "input_tokens": 2107,
      "output_tokens": 322,
      "disposition": "resolved",
      "finish_reason": "stop"
    },
    {
      "arm": "combined_accounts",
      "call_type": "turn",
      "input_tokens": 3537,
      "output_tokens": 220,
      "disposition": "resolved",
      "finish_reason": "stop"
    },
    {
      "arm": "combined_accounts",
      "call_type": "turn",
      "input_tokens": 3331,
      "output_tokens": 214,
      "disposition": "resolved",
      "finish_reason": "stop"
    },
    {
      "arm": "combined_accounts",
      "call_type": "ballot",
      "input_tokens": 2739,
      "output_tokens": 117,
      "disposition": "resolved",
      "finish_reason": "stop"
    },
    {
      "arm": "combined_accounts",
      "call_type": "ballot",
      "input_tokens": 3188,
      "output_tokens": 102,
      "disposition": "resolved",
      "finish_reason": "stop"
    },
    {
      "arm": "combined_accounts",
      "call_type": "ballot",
      "input_tokens": 3696,
      "output_tokens": 84,
      "disposition": "resolved",
      "finish_reason": "stop"
    },
    {
      "arm": "repaired_clock",
      "call_type": "turn",
      "input_tokens": 3816,
      "output_tokens": 420,
      "disposition": "resolved",
      "finish_reason": "stop"
    },
    {
      "arm": "repaired_clock",
      "call_type": "turn",
      "input_tokens": 3656,
      "output_tokens": 160,
      "disposition": "resolved",
      "finish_reason": "stop"
    },
    {
      "arm": "repaired_clock",
      "call_type": "turn",
      "input_tokens": 2978,
      "output_tokens": 333,
      "disposition": "resolved",
      "finish_reason": "stop"
    },
    {
      "arm": "repaired_clock",
      "call_type": "ballot",
      "input_tokens": 4179,
      "output_tokens": 127,
      "disposition": "resolved",
      "finish_reason": "stop"
    },
    {
      "arm": "repaired_clock",
      "call_type": "ballot",
      "input_tokens": 3253,
      "output_tokens": 100,
      "disposition": "resolved",
      "finish_reason": "stop"
    },
    {
      "arm": "repaired_clock",
      "call_type": "ballot",
      "input_tokens": 4322,
      "output_tokens": 115,
      "disposition": "resolved",
      "finish_reason": "stop"
    },
    {
      "arm": "combined_accounts",
      "call_type": "turn",
      "input_tokens": 2953,
      "output_tokens": 876,
      "disposition": "resolved",
      "finish_reason": "stop"
    },
    {
      "arm": "combined_accounts",
      "call_type": "turn",
      "input_tokens": 4745,
      "output_tokens": 1101,
      "disposition": "resolved",
      "finish_reason": "stop"
    },
    {
      "arm": "combined_accounts",
      "call_type": "turn",
      "input_tokens": 5878,
      "output_tokens": 1884,
      "disposition": "resolved",
      "finish_reason": "stop"
    },
    {
      "arm": "combined_accounts",
      "call_type": "ballot",
      "input_tokens": 8550,
      "output_tokens": 108,
      "disposition": "resolved",
      "finish_reason": "stop"
    },
    {
      "arm": "combined_accounts",
      "call_type": "ballot",
      "input_tokens": 7630,
      "output_tokens": 98,
      "disposition": "resolved",
      "finish_reason": "stop"
    },
    {
      "arm": "combined_accounts",
      "call_type": "ballot",
      "input_tokens": 8684,
      "output_tokens": 109,
      "disposition": "resolved",
      "finish_reason": "stop"
    },
    {
      "arm": "repaired_clock",
      "call_type": "turn",
      "input_tokens": 3186,
      "output_tokens": 358,
      "disposition": "resolved",
      "finish_reason": "stop"
    },
    {
      "arm": "repaired_clock",
      "call_type": "turn",
      "input_tokens": 3385,
      "output_tokens": 153,
      "disposition": "resolved",
      "finish_reason": "stop"
    },
    {
      "arm": "repaired_clock",
      "call_type": "turn",
      "input_tokens": 2828,
      "output_tokens": 389,
      "disposition": "resolved",
      "finish_reason": "stop"
    },
    {
      "arm": "repaired_clock",
      "call_type": "ballot",
      "input_tokens": 3199,
      "output_tokens": 115,
      "disposition": "resolved",
      "finish_reason": "stop"
    },
    {
      "arm": "repaired_clock",
      "call_type": "ballot",
      "input_tokens": 4103,
      "output_tokens": 99,
      "disposition": "resolved",
      "finish_reason": "stop"
    },
    {
      "arm": "repaired_clock",
      "call_type": "ballot",
      "input_tokens": 3576,
      "output_tokens": 103,
      "disposition": "resolved",
      "finish_reason": "stop"
    },
    {
      "arm": "combined_accounts",
      "call_type": "turn",
      "input_tokens": 2324,
      "output_tokens": 490,
      "disposition": "resolved",
      "finish_reason": "stop"
    },
    {
      "arm": "combined_accounts",
      "call_type": "turn",
      "input_tokens": 2677,
      "output_tokens": 340,
      "disposition": "resolved",
      "finish_reason": "stop"
    },
    {
      "arm": "combined_accounts",
      "call_type": "turn",
      "input_tokens": 4130,
      "output_tokens": 226,
      "disposition": "resolved",
      "finish_reason": "stop"
    },
    {
      "arm": "combined_accounts",
      "call_type": "ballot",
      "input_tokens": 3037,
      "output_tokens": 104,
      "disposition": "resolved",
      "finish_reason": "stop"
    },
    {
      "arm": "combined_accounts",
      "call_type": "ballot",
      "input_tokens": 3997,
      "output_tokens": 80,
      "disposition": "resolved",
      "finish_reason": "stop"
    },
    {
      "arm": "combined_accounts",
      "call_type": "ballot",
      "input_tokens": 3454,
      "output_tokens": 81,
      "disposition": "resolved",
      "finish_reason": "stop"
    },
    {
      "arm": "repaired_clock",
      "call_type": "turn",
      "input_tokens": 3021,
      "output_tokens": 352,
      "disposition": "resolved",
      "finish_reason": "stop"
    },
    {
      "arm": "repaired_clock",
      "call_type": "turn",
      "input_tokens": 3316,
      "output_tokens": 152,
      "disposition": "resolved",
      "finish_reason": "stop"
    },
    {
      "arm": "repaired_clock",
      "call_type": "turn",
      "input_tokens": 2725,
      "output_tokens": 330,
      "disposition": "resolved",
      "finish_reason": "stop"
    },
    {
      "arm": "repaired_clock",
      "call_type": "ballot",
      "input_tokens": 3822,
      "output_tokens": 95,
      "disposition": "resolved",
      "finish_reason": "stop"
    },
    {
      "arm": "repaired_clock",
      "call_type": "ballot",
      "input_tokens": 3378,
      "output_tokens": 101,
      "disposition": "resolved",
      "finish_reason": "stop"
    },
    {
      "arm": "repaired_clock",
      "call_type": "ballot",
      "input_tokens": 2993,
      "output_tokens": 107,
      "disposition": "resolved",
      "finish_reason": "stop"
    },
    {
      "arm": "combined_accounts",
      "call_type": "turn",
      "input_tokens": 2154,
      "output_tokens": 472,
      "disposition": "resolved",
      "finish_reason": "stop"
    },
    {
      "arm": "combined_accounts",
      "call_type": "turn",
      "input_tokens": 3452,
      "output_tokens": 336,
      "disposition": "resolved",
      "finish_reason": "stop"
    },
    {
      "arm": "combined_accounts",
      "call_type": "turn",
      "input_tokens": 3095,
      "output_tokens": 432,
      "disposition": "resolved",
      "finish_reason": "stop"
    },
    {
      "arm": "combined_accounts",
      "call_type": "ballot",
      "input_tokens": 4441,
      "output_tokens": 81,
      "disposition": "resolved",
      "finish_reason": "stop"
    },
    {
      "arm": "combined_accounts",
      "call_type": "ballot",
      "input_tokens": 3867,
      "output_tokens": 69,
      "disposition": "resolved",
      "finish_reason": "stop"
    },
    {
      "arm": "combined_accounts",
      "call_type": "ballot",
      "input_tokens": 3495,
      "output_tokens": 72,
      "disposition": "resolved",
      "finish_reason": "stop"
    },
    {
      "arm": "repaired_clock",
      "call_type": "turn",
      "input_tokens": 2989,
      "output_tokens": 265,
      "disposition": "resolved",
      "finish_reason": "stop"
    },
    {
      "arm": "repaired_clock",
      "call_type": "turn",
      "input_tokens": 3374,
      "output_tokens": 174,
      "disposition": "resolved",
      "finish_reason": "stop"
    },
    {
      "arm": "repaired_clock",
      "call_type": "turn",
      "input_tokens": 2767,
      "output_tokens": 335,
      "disposition": "resolved",
      "finish_reason": "stop"
    },
    {
      "arm": "repaired_clock",
      "call_type": "ballot",
      "input_tokens": 3312,
      "output_tokens": 105,
      "disposition": "resolved",
      "finish_reason": "stop"
    },
    {
      "arm": "repaired_clock",
      "call_type": "ballot",
      "input_tokens": 3056,
      "output_tokens": 117,
      "disposition": "resolved",
      "finish_reason": "stop"
    },
    {
      "arm": "repaired_clock",
      "call_type": "ballot",
      "input_tokens": 3962,
      "output_tokens": 84,
      "disposition": "resolved",
      "finish_reason": "stop"
    },
    {
      "arm": "combined_accounts",
      "call_type": "turn",
      "input_tokens": 2129,
      "output_tokens": 474,
      "disposition": "resolved",
      "finish_reason": "stop"
    },
    {
      "arm": "combined_accounts",
      "call_type": "turn",
      "input_tokens": 2592,
      "output_tokens": 216,
      "disposition": "resolved",
      "finish_reason": "stop"
    },
    {
      "arm": "combined_accounts",
      "call_type": "turn",
      "input_tokens": 3837,
      "output_tokens": 628,
      "disposition": "resolved",
      "finish_reason": "stop"
    },
    {
      "arm": "combined_accounts",
      "call_type": "ballot",
      "input_tokens": 3757,
      "output_tokens": 99,
      "disposition": "resolved",
      "finish_reason": "stop"
    },
    {
      "arm": "combined_accounts",
      "call_type": "ballot",
      "input_tokens": 3487,
      "output_tokens": 117,
      "disposition": "resolved",
      "finish_reason": "stop"
    },
    {
      "arm": "combined_accounts",
      "call_type": "ballot",
      "input_tokens": 4530,
      "output_tokens": 81,
      "disposition": "resolved",
      "finish_reason": "stop"
    },
    {
      "arm": "repaired_clock",
      "call_type": "turn",
      "input_tokens": 3124,
      "output_tokens": 288,
      "disposition": "resolved",
      "finish_reason": "stop"
    },
    {
      "arm": "repaired_clock",
      "call_type": "turn",
      "input_tokens": 3371,
      "output_tokens": 166,
      "disposition": "resolved",
      "finish_reason": "stop"
    },
    {
      "arm": "repaired_clock",
      "call_type": "turn",
      "input_tokens": 3388,
      "output_tokens": 319,
      "disposition": "resolved",
      "finish_reason": "stop"
    },
    {
      "arm": "repaired_clock",
      "call_type": "ballot",
      "input_tokens": 3649,
      "output_tokens": 106,
      "disposition": "resolved",
      "finish_reason": "stop"
    },
    {
      "arm": "repaired_clock",
      "call_type": "ballot",
      "input_tokens": 3413,
      "output_tokens": 92,
      "disposition": "resolved",
      "finish_reason": "stop"
    },
    {
      "arm": "repaired_clock",
      "call_type": "ballot",
      "input_tokens": 3923,
      "output_tokens": 96,
      "disposition": "resolved",
      "finish_reason": "stop"
    },
    {
      "arm": "combined_accounts",
      "call_type": "turn",
      "input_tokens": 2257,
      "output_tokens": 636,
      "disposition": "resolved",
      "finish_reason": "stop"
    },
    {
      "arm": "combined_accounts",
      "call_type": "turn",
      "input_tokens": 4073,
      "output_tokens": 255,
      "disposition": "resolved",
      "finish_reason": "stop"
    },
    {
      "arm": "combined_accounts",
      "call_type": "turn",
      "input_tokens": 4073,
      "output_tokens": 178,
      "disposition": "resolved",
      "finish_reason": "stop"
    },
    {
      "arm": "combined_accounts",
      "call_type": "ballot",
      "input_tokens": 3969,
      "output_tokens": 74,
      "disposition": "resolved",
      "finish_reason": "stop"
    },
    {
      "arm": "combined_accounts",
      "call_type": "ballot",
      "input_tokens": 3727,
      "output_tokens": 99,
      "disposition": "resolved",
      "finish_reason": "stop"
    },
    {
      "arm": "combined_accounts",
      "call_type": "ballot",
      "input_tokens": 4372,
      "output_tokens": 74,
      "disposition": "resolved",
      "finish_reason": "stop"
    },
    {
      "arm": "repaired_clock",
      "call_type": "turn",
      "input_tokens": 3579,
      "output_tokens": 250,
      "disposition": "resolved",
      "finish_reason": "stop"
    },
    {
      "arm": "repaired_clock",
      "call_type": "turn",
      "input_tokens": 3632,
      "output_tokens": 170,
      "disposition": "resolved",
      "finish_reason": "stop"
    },
    {
      "arm": "repaired_clock",
      "call_type": "turn",
      "input_tokens": 3337,
      "output_tokens": 350,
      "disposition": "resolved",
      "finish_reason": "stop"
    },
    {
      "arm": "repaired_clock",
      "call_type": "ballot",
      "input_tokens": 3627,
      "output_tokens": 98,
      "disposition": "resolved",
      "finish_reason": "stop"
    },
    {
      "arm": "repaired_clock",
      "call_type": "ballot",
      "input_tokens": 3931,
      "output_tokens": 94,
      "disposition": "resolved",
      "finish_reason": "stop"
    },
    {
      "arm": "repaired_clock",
      "call_type": "ballot",
      "input_tokens": 4241,
      "output_tokens": 100,
      "disposition": "resolved",
      "finish_reason": "stop"
    },
    {
      "arm": "combined_accounts",
      "call_type": "turn",
      "input_tokens": 2714,
      "output_tokens": 429,
      "disposition": "resolved",
      "finish_reason": "stop"
    },
    {
      "arm": "combined_accounts",
      "call_type": "turn",
      "input_tokens": 3810,
      "output_tokens": 251,
      "disposition": "resolved",
      "finish_reason": "stop"
    },
    {
      "arm": "combined_accounts",
      "call_type": "turn",
      "input_tokens": 3350,
      "output_tokens": 360,
      "disposition": "resolved",
      "finish_reason": "stop"
    },
    {
      "arm": "combined_accounts",
      "call_type": "ballot",
      "input_tokens": 3584,
      "output_tokens": 73,
      "disposition": "resolved",
      "finish_reason": "stop"
    },
    {
      "arm": "combined_accounts",
      "call_type": "ballot",
      "input_tokens": 3890,
      "output_tokens": 75,
      "disposition": "resolved",
      "finish_reason": "stop"
    },
    {
      "arm": "combined_accounts",
      "call_type": "ballot",
      "input_tokens": 4332,
      "output_tokens": 102,
      "disposition": "resolved",
      "finish_reason": "stop"
    },
    {
      "arm": "repaired_clock",
      "call_type": "turn",
      "input_tokens": 3248,
      "output_tokens": 241,
      "disposition": "resolved",
      "finish_reason": "stop"
    },
    {
      "arm": "repaired_clock",
      "call_type": "turn",
      "input_tokens": 3464,
      "output_tokens": 164,
      "disposition": "resolved",
      "finish_reason": "stop"
    },
    {
      "arm": "repaired_clock",
      "call_type": "turn",
      "input_tokens": 3410,
      "output_tokens": 359,
      "disposition": "resolved",
      "finish_reason": "stop"
    },
    {
      "arm": "repaired_clock",
      "call_type": "ballot",
      "input_tokens": 3549,
      "output_tokens": 98,
      "disposition": "resolved",
      "finish_reason": "stop"
    },
    {
      "arm": "repaired_clock",
      "call_type": "ballot",
      "input_tokens": 4058,
      "output_tokens": 108,
      "disposition": "resolved",
      "finish_reason": "stop"
    },
    {
      "arm": "repaired_clock",
      "call_type": "ballot",
      "input_tokens": 3390,
      "output_tokens": 90,
      "disposition": "resolved",
      "finish_reason": "stop"
    },
    {
      "arm": "combined_accounts",
      "call_type": "turn",
      "input_tokens": 2392,
      "output_tokens": 689,
      "disposition": "resolved",
      "finish_reason": "stop"
    },
    {
      "arm": "combined_accounts",
      "call_type": "turn",
      "input_tokens": 4343,
      "output_tokens": 417,
      "disposition": "resolved",
      "finish_reason": "stop"
    },
    {
      "arm": "combined_accounts",
      "call_type": "turn",
      "input_tokens": 4568,
      "output_tokens": 621,
      "disposition": "resolved",
      "finish_reason": "stop"
    },
    {
      "arm": "combined_accounts",
      "call_type": "ballot",
      "input_tokens": 5147,
      "output_tokens": 133,
      "disposition": "resolved",
      "finish_reason": "stop"
    },
    {
      "arm": "combined_accounts",
      "call_type": "ballot",
      "input_tokens": 5643,
      "output_tokens": 103,
      "disposition": "resolved",
      "finish_reason": "stop"
    },
    {
      "arm": "combined_accounts",
      "call_type": "ballot",
      "input_tokens": 4981,
      "output_tokens": 84,
      "disposition": "resolved",
      "finish_reason": "stop"
    },
    {
      "arm": "repaired_clock",
      "call_type": "turn",
      "input_tokens": 3253,
      "output_tokens": 251,
      "disposition": "resolved",
      "finish_reason": "stop"
    },
    {
      "arm": "repaired_clock",
      "call_type": "turn",
      "input_tokens": 3447,
      "output_tokens": 118,
      "disposition": "resolved",
      "finish_reason": "stop"
    },
    {
      "arm": "repaired_clock",
      "call_type": "turn",
      "input_tokens": 3163,
      "output_tokens": 458,
      "disposition": "resolved",
      "finish_reason": "stop"
    },
    {
      "arm": "repaired_clock",
      "call_type": "ballot",
      "input_tokens": 3555,
      "output_tokens": 107,
      "disposition": "resolved",
      "finish_reason": "stop"
    },
    {
      "arm": "repaired_clock",
      "call_type": "ballot",
      "input_tokens": 3496,
      "output_tokens": 98,
      "disposition": "resolved",
      "finish_reason": "stop"
    },
    {
      "arm": "repaired_clock",
      "call_type": "ballot",
      "input_tokens": 4040,
      "output_tokens": 75,
      "disposition": "resolved",
      "finish_reason": "stop"
    },
    {
      "arm": "combined_accounts",
      "call_type": "turn",
      "input_tokens": 2391,
      "output_tokens": 612,
      "disposition": "resolved",
      "finish_reason": "stop"
    },
    {
      "arm": "combined_accounts",
      "call_type": "turn",
      "input_tokens": 4189,
      "output_tokens": 360,
      "disposition": "resolved",
      "finish_reason": "stop"
    },
    {
      "arm": "combined_accounts",
      "call_type": "turn",
      "input_tokens": 4179,
      "output_tokens": 453,
      "disposition": "resolved",
      "finish_reason": "stop"
    },
    {
      "arm": "combined_accounts",
      "call_type": "ballot",
      "input_tokens": 4594,
      "output_tokens": 101,
      "disposition": "resolved",
      "finish_reason": "stop"
    },
    {
      "arm": "combined_accounts",
      "call_type": "ballot",
      "input_tokens": 4526,
      "output_tokens": 101,
      "disposition": "resolved",
      "finish_reason": "stop"
    },
    {
      "arm": "combined_accounts",
      "call_type": "ballot",
      "input_tokens": 5200,
      "output_tokens": 84,
      "disposition": "resolved",
      "finish_reason": "stop"
    },
    {
      "arm": "repaired_clock",
      "call_type": "turn",
      "input_tokens": 3154,
      "output_tokens": 340,
      "disposition": "resolved",
      "finish_reason": "stop"
    },
    {
      "arm": "repaired_clock",
      "call_type": "turn",
      "input_tokens": 3475,
      "output_tokens": 172,
      "disposition": "resolved",
      "finish_reason": "stop"
    },
    {
      "arm": "repaired_clock",
      "call_type": "turn",
      "input_tokens": 3127,
      "output_tokens": 210,
      "disposition": "resolved",
      "finish_reason": "stop"
    },
    {
      "arm": "repaired_clock",
      "call_type": "ballot",
      "input_tokens": 3973,
      "output_tokens": 86,
      "disposition": "resolved",
      "finish_reason": "stop"
    },
    {
      "arm": "repaired_clock",
      "call_type": "ballot",
      "input_tokens": 3324,
      "output_tokens": 79,
      "disposition": "resolved",
      "finish_reason": "stop"
    },
    {
      "arm": "repaired_clock",
      "call_type": "ballot",
      "input_tokens": 3415,
      "output_tokens": 106,
      "disposition": "resolved",
      "finish_reason": "stop"
    },
    {
      "arm": "combined_accounts",
      "call_type": "turn",
      "input_tokens": 2294,
      "output_tokens": 469,
      "disposition": "resolved",
      "finish_reason": "stop"
    },
    {
      "arm": "combined_accounts",
      "call_type": "turn",
      "input_tokens": 3678,
      "output_tokens": 375,
      "disposition": "resolved",
      "finish_reason": "stop"
    },
    {
      "arm": "combined_accounts",
      "call_type": "turn",
      "input_tokens": 3445,
      "output_tokens": 388,
      "disposition": "resolved",
      "finish_reason": "stop"
    },
    {
      "arm": "combined_accounts",
      "call_type": "ballot",
      "input_tokens": 4430,
      "output_tokens": 83,
      "disposition": "resolved",
      "finish_reason": "stop"
    },
    {
      "arm": "combined_accounts",
      "call_type": "ballot",
      "input_tokens": 3643,
      "output_tokens": 135,
      "disposition": "resolved",
      "finish_reason": "stop"
    },
    {
      "arm": "combined_accounts",
      "call_type": "ballot",
      "input_tokens": 3739,
      "output_tokens": 124,
      "disposition": "resolved",
      "finish_reason": "stop"
    },
    {
      "arm": "repaired_clock",
      "call_type": "turn",
      "input_tokens": 2759,
      "output_tokens": 257,
      "disposition": "resolved",
      "finish_reason": "stop"
    },
    {
      "arm": "repaired_clock",
      "call_type": "turn",
      "input_tokens": 3537,
      "output_tokens": 176,
      "disposition": "resolved",
      "finish_reason": "stop"
    },
    {
      "arm": "repaired_clock",
      "call_type": "turn",
      "input_tokens": 2871,
      "output_tokens": 373,
      "disposition": "resolved",
      "finish_reason": "stop"
    },
    {
      "arm": "repaired_clock",
      "call_type": "ballot",
      "input_tokens": 4290,
      "output_tokens": 101,
      "disposition": "resolved",
      "finish_reason": "stop"
    },
    {
      "arm": "repaired_clock",
      "call_type": "ballot",
      "input_tokens": 3052,
      "output_tokens": 123,
      "disposition": "resolved",
      "finish_reason": "stop"
    },
    {
      "arm": "repaired_clock",
      "call_type": "ballot",
      "input_tokens": 3166,
      "output_tokens": 99,
      "disposition": "resolved",
      "finish_reason": "stop"
    },
    {
      "arm": "combined_accounts",
      "call_type": "turn",
      "input_tokens": 1886,
      "output_tokens": 299,
      "disposition": "resolved",
      "finish_reason": "stop"
    },
    {
      "arm": "combined_accounts",
      "call_type": "turn",
      "input_tokens": 3593,
      "output_tokens": 303,
      "disposition": "resolved",
      "finish_reason": "stop"
    },
    {
      "arm": "combined_accounts",
      "call_type": "turn",
      "input_tokens": 3002,
      "output_tokens": 393,
      "disposition": "resolved",
      "finish_reason": "stop"
    },
    {
      "arm": "combined_accounts",
      "call_type": "ballot",
      "input_tokens": 4358,
      "output_tokens": 90,
      "disposition": "resolved",
      "finish_reason": "stop"
    },
    {
      "arm": "combined_accounts",
      "call_type": "ballot",
      "input_tokens": 3114,
      "output_tokens": 104,
      "disposition": "resolved",
      "finish_reason": "stop"
    },
    {
      "arm": "combined_accounts",
      "call_type": "ballot",
      "input_tokens": 3222,
      "output_tokens": 96,
      "disposition": "resolved",
      "finish_reason": "stop"
    },
    {
      "arm": "repaired_clock",
      "call_type": "turn",
      "input_tokens": 3550,
      "output_tokens": 274,
      "disposition": "resolved",
      "finish_reason": "stop"
    },
    {
      "arm": "repaired_clock",
      "call_type": "turn",
      "input_tokens": 3454,
      "output_tokens": 163,
      "disposition": "resolved",
      "finish_reason": "stop"
    },
    {
      "arm": "repaired_clock",
      "call_type": "turn",
      "input_tokens": 2874,
      "output_tokens": 405,
      "disposition": "resolved",
      "finish_reason": "stop"
    },
    {
      "arm": "repaired_clock",
      "call_type": "ballot",
      "input_tokens": 3164,
      "output_tokens": 102,
      "disposition": "resolved",
      "finish_reason": "stop"
    },
    {
      "arm": "repaired_clock",
      "call_type": "ballot",
      "input_tokens": 3848,
      "output_tokens": 85,
      "disposition": "resolved",
      "finish_reason": "stop"
    },
    {
      "arm": "repaired_clock",
      "call_type": "ballot",
      "input_tokens": 4073,
      "output_tokens": 101,
      "disposition": "resolved",
      "finish_reason": "stop"
    },
    {
      "arm": "combined_accounts",
      "call_type": "turn",
      "input_tokens": 2685,
      "output_tokens": 564,
      "disposition": "resolved",
      "finish_reason": "stop"
    },
    {
      "arm": "combined_accounts",
      "call_type": "turn",
      "input_tokens": 4152,
      "output_tokens": 570,
      "disposition": "resolved",
      "finish_reason": "stop"
    },
    {
      "arm": "combined_accounts",
      "call_type": "turn",
      "input_tokens": 4294,
      "output_tokens": 306,
      "disposition": "resolved",
      "finish_reason": "stop"
    },
    {
      "arm": "combined_accounts",
      "call_type": "ballot",
      "input_tokens": 4379,
      "output_tokens": 72,
      "disposition": "resolved",
      "finish_reason": "stop"
    },
    {
      "arm": "combined_accounts",
      "call_type": "ballot",
      "input_tokens": 5052,
      "output_tokens": 78,
      "disposition": "resolved",
      "finish_reason": "stop"
    },
    {
      "arm": "combined_accounts",
      "call_type": "ballot",
      "input_tokens": 5415,
      "output_tokens": 81,
      "disposition": "resolved",
      "finish_reason": "stop"
    },
    {
      "arm": "repaired_clock",
      "call_type": "turn",
      "input_tokens": 2892,
      "output_tokens": 252,
      "disposition": "resolved",
      "finish_reason": "stop"
    },
    {
      "arm": "repaired_clock",
      "call_type": "turn",
      "input_tokens": 3278,
      "output_tokens": 149,
      "disposition": "resolved",
      "finish_reason": "stop"
    },
    {
      "arm": "repaired_clock",
      "call_type": "turn",
      "input_tokens": 2758,
      "output_tokens": 419,
      "disposition": "resolved",
      "finish_reason": "stop"
    },
    {
      "arm": "repaired_clock",
      "call_type": "ballot",
      "input_tokens": 3926,
      "output_tokens": 87,
      "disposition": "resolved",
      "finish_reason": "stop"
    },
    {
      "arm": "repaired_clock",
      "call_type": "ballot",
      "input_tokens": 3083,
      "output_tokens": 121,
      "disposition": "resolved",
      "finish_reason": "stop"
    },
    {
      "arm": "repaired_clock",
      "call_type": "ballot",
      "input_tokens": 3186,
      "output_tokens": 71,
      "disposition": "resolved",
      "finish_reason": "stop"
    },
    {
      "arm": "combined_accounts",
      "call_type": "turn",
      "input_tokens": 2027,
      "output_tokens": 628,
      "disposition": "resolved",
      "finish_reason": "stop"
    },
    {
      "arm": "combined_accounts",
      "call_type": "turn",
      "input_tokens": 3979,
      "output_tokens": 811,
      "disposition": "resolved",
      "finish_reason": "stop"
    },
    {
      "arm": "combined_accounts",
      "call_type": "turn",
      "input_tokens": 4579,
      "output_tokens": 366,
      "disposition": "resolved",
      "finish_reason": "stop"
    },
    {
      "arm": "combined_accounts",
      "call_type": "ballot",
      "input_tokens": 5723,
      "output_tokens": 123,
      "disposition": "resolved",
      "finish_reason": "stop"
    },
    {
      "arm": "combined_accounts",
      "call_type": "ballot",
      "input_tokens": 4742,
      "output_tokens": 116,
      "disposition": "resolved",
      "finish_reason": "stop"
    },
    {
      "arm": "combined_accounts",
      "call_type": "ballot",
      "input_tokens": 4832,
      "output_tokens": 95,
      "disposition": "resolved",
      "finish_reason": "stop"
    },
    {
      "arm": "repaired_clock",
      "call_type": "turn",
      "input_tokens": 3149,
      "output_tokens": 357,
      "disposition": "resolved",
      "finish_reason": "stop"
    },
    {
      "arm": "repaired_clock",
      "call_type": "turn",
      "input_tokens": 3590,
      "output_tokens": 160,
      "disposition": "resolved",
      "finish_reason": "stop"
    },
    {
      "arm": "repaired_clock",
      "call_type": "turn",
      "input_tokens": 2815,
      "output_tokens": 257,
      "disposition": "resolved",
      "finish_reason": "stop"
    },
    {
      "arm": "repaired_clock",
      "call_type": "ballot",
      "input_tokens": 3459,
      "output_tokens": 100,
      "disposition": "resolved",
      "finish_reason": "stop"
    },
    {
      "arm": "repaired_clock",
      "call_type": "ballot",
      "input_tokens": 3059,
      "output_tokens": 102,
      "disposition": "resolved",
      "finish_reason": "stop"
    },
    {
      "arm": "repaired_clock",
      "call_type": "ballot",
      "input_tokens": 4099,
      "output_tokens": 105,
      "disposition": "resolved",
      "finish_reason": "stop"
    },
    {
      "arm": "combined_accounts",
      "call_type": "turn",
      "input_tokens": 2287,
      "output_tokens": 601,
      "disposition": "resolved",
      "finish_reason": "stop"
    },
    {
      "arm": "combined_accounts",
      "call_type": "turn",
      "input_tokens": 4203,
      "output_tokens": 278,
      "disposition": "resolved",
      "finish_reason": "stop"
    },
    {
      "arm": "combined_accounts",
      "call_type": "turn",
      "input_tokens": 3455,
      "output_tokens": 402,
      "disposition": "resolved",
      "finish_reason": "stop"
    },
    {
      "arm": "combined_accounts",
      "call_type": "ballot",
      "input_tokens": 4057,
      "output_tokens": 108,
      "disposition": "resolved",
      "finish_reason": "stop"
    },
    {
      "arm": "combined_accounts",
      "call_type": "ballot",
      "input_tokens": 3654,
      "output_tokens": 121,
      "disposition": "resolved",
      "finish_reason": "stop"
    },
    {
      "arm": "combined_accounts",
      "call_type": "ballot",
      "input_tokens": 4823,
      "output_tokens": 111,
      "disposition": "resolved",
      "finish_reason": "stop"
    },
    {
      "arm": "repaired_clock",
      "call_type": "turn",
      "input_tokens": 2909,
      "output_tokens": 273,
      "disposition": "resolved",
      "finish_reason": "stop"
    },
    {
      "arm": "repaired_clock",
      "call_type": "turn",
      "input_tokens": 3432,
      "output_tokens": 142,
      "disposition": "resolved",
      "finish_reason": "stop"
    },
    {
      "arm": "repaired_clock",
      "call_type": "turn",
      "input_tokens": 3333,
      "output_tokens": 359,
      "disposition": "resolved",
      "finish_reason": "stop"
    },
    {
      "arm": "repaired_clock",
      "call_type": "ballot",
      "input_tokens": 4019,
      "output_tokens": 89,
      "disposition": "resolved",
      "finish_reason": "stop"
    },
    {
      "arm": "repaired_clock",
      "call_type": "ballot",
      "input_tokens": 3631,
      "output_tokens": 110,
      "disposition": "resolved",
      "finish_reason": "stop"
    },
    {
      "arm": "repaired_clock",
      "call_type": "ballot",
      "input_tokens": 3191,
      "output_tokens": 84,
      "disposition": "resolved",
      "finish_reason": "stop"
    },
    {
      "arm": "combined_accounts",
      "call_type": "turn",
      "input_tokens": 2049,
      "output_tokens": 313,
      "disposition": "resolved",
      "finish_reason": "stop"
    },
    {
      "arm": "combined_accounts",
      "call_type": "turn",
      "input_tokens": 3485,
      "output_tokens": 234,
      "disposition": "resolved",
      "finish_reason": "stop"
    },
    {
      "arm": "combined_accounts",
      "call_type": "turn",
      "input_tokens": 3237,
      "output_tokens": 315,
      "disposition": "resolved",
      "finish_reason": "stop"
    },
    {
      "arm": "combined_accounts",
      "call_type": "ballot",
      "input_tokens": 3829,
      "output_tokens": 74,
      "disposition": "resolved",
      "finish_reason": "stop"
    },
    {
      "arm": "combined_accounts",
      "call_type": "ballot",
      "input_tokens": 3292,
      "output_tokens": 101,
      "disposition": "resolved",
      "finish_reason": "stop"
    },
    {
      "arm": "combined_accounts",
      "call_type": "ballot",
      "input_tokens": 2857,
      "output_tokens": 102,
      "disposition": "resolved",
      "finish_reason": "stop"
    },
    {
      "arm": "repaired_clock",
      "call_type": "turn",
      "input_tokens": 3717,
      "output_tokens": 284,
      "disposition": "resolved",
      "finish_reason": "stop"
    },
    {
      "arm": "repaired_clock",
      "call_type": "turn",
      "input_tokens": 3279,
      "output_tokens": 158,
      "disposition": "resolved",
      "finish_reason": "stop"
    },
    {
      "arm": "repaired_clock",
      "call_type": "turn",
      "input_tokens": 3132,
      "output_tokens": 480,
      "disposition": "resolved",
      "finish_reason": "stop"
    },
    {
      "arm": "repaired_clock",
      "call_type": "ballot",
      "input_tokens": 3991,
      "output_tokens": 94,
      "disposition": "resolved",
      "finish_reason": "stop"
    },
    {
      "arm": "repaired_clock",
      "call_type": "ballot",
      "input_tokens": 4145,
      "output_tokens": 79,
      "disposition": "resolved",
      "finish_reason": "stop"
    },
    {
      "arm": "repaired_clock",
      "call_type": "ballot",
      "input_tokens": 3540,
      "output_tokens": 107,
      "disposition": "resolved",
      "finish_reason": "stop"
    },
    {
      "arm": "combined_accounts",
      "call_type": "turn",
      "input_tokens": 2852,
      "output_tokens": 840,
      "disposition": "resolved",
      "finish_reason": "stop"
    },
    {
      "arm": "combined_accounts",
      "call_type": "turn",
      "input_tokens": 4426,
      "output_tokens": 393,
      "disposition": "resolved",
      "finish_reason": "stop"
    },
    {
      "arm": "combined_accounts",
      "call_type": "turn",
      "input_tokens": 4514,
      "output_tokens": 215,
      "disposition": "resolved",
      "finish_reason": "stop"
    },
    {
      "arm": "combined_accounts",
      "call_type": "ballot",
      "input_tokens": 5024,
      "output_tokens": 82,
      "disposition": "resolved",
      "finish_reason": "stop"
    },
    {
      "arm": "combined_accounts",
      "call_type": "ballot",
      "input_tokens": 5043,
      "output_tokens": 73,
      "disposition": "resolved",
      "finish_reason": "stop"
    },
    {
      "arm": "combined_accounts",
      "call_type": "ballot",
      "input_tokens": 4447,
      "output_tokens": 106,
      "disposition": "resolved",
      "finish_reason": "stop"
    },
    {
      "arm": "repaired_clock",
      "call_type": "turn",
      "input_tokens": 3197,
      "output_tokens": 391,
      "disposition": "resolved",
      "finish_reason": "stop"
    },
    {
      "arm": "repaired_clock",
      "call_type": "turn",
      "input_tokens": 3490,
      "output_tokens": 398,
      "disposition": "resolved",
      "finish_reason": "stop"
    },
    {
      "arm": "repaired_clock",
      "call_type": "turn",
      "input_tokens": 3777,
      "output_tokens": 169,
      "disposition": "resolved",
      "finish_reason": "stop"
    },
    {
      "arm": "repaired_clock",
      "call_type": "ballot",
      "input_tokens": 3587,
      "output_tokens": 89,
      "disposition": "resolved",
      "finish_reason": "stop"
    },
    {
      "arm": "repaired_clock",
      "call_type": "ballot",
      "input_tokens": 4279,
      "output_tokens": 104,
      "disposition": "resolved",
      "finish_reason": "stop"
    },
    {
      "arm": "repaired_clock",
      "call_type": "ballot",
      "input_tokens": 3635,
      "output_tokens": 105,
      "disposition": "resolved",
      "finish_reason": "stop"
    },
    {
      "arm": "combined_accounts",
      "call_type": "turn",
      "input_tokens": 2326,
      "output_tokens": 631,
      "disposition": "resolved",
      "finish_reason": "stop"
    },
    {
      "arm": "combined_accounts",
      "call_type": "turn",
      "input_tokens": 4224,
      "output_tokens": 349,
      "disposition": "resolved",
      "finish_reason": "stop"
    },
    {
      "arm": "combined_accounts",
      "call_type": "turn",
      "input_tokens": 4153,
      "output_tokens": 479,
      "disposition": "resolved",
      "finish_reason": "stop"
    },
    {
      "arm": "combined_accounts",
      "call_type": "ballot",
      "input_tokens": 4531,
      "output_tokens": 103,
      "disposition": "resolved",
      "finish_reason": "stop"
    },
    {
      "arm": "combined_accounts",
      "call_type": "ballot",
      "input_tokens": 5220,
      "output_tokens": 77,
      "disposition": "resolved",
      "finish_reason": "stop"
    },
    {
      "arm": "combined_accounts",
      "call_type": "ballot",
      "input_tokens": 4523,
      "output_tokens": 106,
      "disposition": "resolved",
      "finish_reason": "stop"
    },
    {
      "arm": "repaired_clock",
      "call_type": "turn",
      "input_tokens": 3839,
      "output_tokens": 328,
      "disposition": "resolved",
      "finish_reason": "stop"
    },
    {
      "arm": "repaired_clock",
      "call_type": "turn",
      "input_tokens": 3288,
      "output_tokens": 186,
      "disposition": "resolved",
      "finish_reason": "stop"
    },
    {
      "arm": "repaired_clock",
      "call_type": "turn",
      "input_tokens": 3161,
      "output_tokens": 432,
      "disposition": "resolved",
      "finish_reason": "stop"
    },
    {
      "arm": "repaired_clock",
      "call_type": "ballot",
      "input_tokens": 3888,
      "output_tokens": 123,
      "disposition": "resolved",
      "finish_reason": "stop"
    },
    {
      "arm": "repaired_clock",
      "call_type": "ballot",
      "input_tokens": 3469,
      "output_tokens": 98,
      "disposition": "resolved",
      "finish_reason": "stop"
    },
    {
      "arm": "repaired_clock",
      "call_type": "ballot",
      "input_tokens": 4243,
      "output_tokens": 105,
      "disposition": "resolved",
      "finish_reason": "stop"
    },
    {
      "arm": "combined_accounts",
      "call_type": "turn",
      "input_tokens": 2979,
      "output_tokens": 522,
      "disposition": "resolved",
      "finish_reason": "stop"
    },
    {
      "arm": "combined_accounts",
      "call_type": "turn",
      "input_tokens": 3561,
      "output_tokens": 320,
      "disposition": "resolved",
      "finish_reason": "stop"
    },
    {
      "arm": "combined_accounts",
      "call_type": "turn",
      "input_tokens": 3515,
      "output_tokens": 361,
      "disposition": "resolved",
      "finish_reason": "stop"
    },
    {
      "arm": "combined_accounts",
      "call_type": "ballot",
      "input_tokens": 4295,
      "output_tokens": 86,
      "disposition": "resolved",
      "finish_reason": "stop"
    },
    {
      "arm": "combined_accounts",
      "call_type": "ballot",
      "input_tokens": 3750,
      "output_tokens": 126,
      "disposition": "resolved",
      "finish_reason": "stop"
    },
    {
      "arm": "combined_accounts",
      "call_type": "ballot",
      "input_tokens": 4518,
      "output_tokens": 77,
      "disposition": "resolved",
      "finish_reason": "stop"
    },
    {
      "arm": "repaired_clock",
      "call_type": "turn",
      "input_tokens": 3440,
      "output_tokens": 365,
      "disposition": "resolved",
      "finish_reason": "stop"
    },
    {
      "arm": "repaired_clock",
      "call_type": "turn",
      "input_tokens": 3599,
      "output_tokens": 134,
      "disposition": "resolved",
      "finish_reason": "stop"
    },
    {
      "arm": "repaired_clock",
      "call_type": "turn",
      "input_tokens": 3335,
      "output_tokens": 393,
      "disposition": "resolved",
      "finish_reason": "stop"
    },
    {
      "arm": "repaired_clock",
      "call_type": "ballot",
      "input_tokens": 3748,
      "output_tokens": 117,
      "disposition": "resolved",
      "finish_reason": "stop"
    },
    {
      "arm": "repaired_clock",
      "call_type": "ballot",
      "input_tokens": 3607,
      "output_tokens": 100,
      "disposition": "resolved",
      "finish_reason": "stop"
    },
    {
      "arm": "repaired_clock",
      "call_type": "ballot",
      "input_tokens": 4108,
      "output_tokens": 87,
      "disposition": "resolved",
      "finish_reason": "stop"
    },
    {
      "arm": "combined_accounts",
      "call_type": "turn",
      "input_tokens": 2573,
      "output_tokens": 817,
      "disposition": "resolved",
      "finish_reason": "stop"
    },
    {
      "arm": "combined_accounts",
      "call_type": "turn",
      "input_tokens": 4643,
      "output_tokens": 280,
      "disposition": "resolved",
      "finish_reason": "stop"
    },
    {
      "arm": "combined_accounts",
      "call_type": "turn",
      "input_tokens": 4505,
      "output_tokens": 462,
      "disposition": "resolved",
      "finish_reason": "stop"
    },
    {
      "arm": "combined_accounts",
      "call_type": "ballot",
      "input_tokens": 4932,
      "output_tokens": 112,
      "disposition": "resolved",
      "finish_reason": "stop"
    },
    {
      "arm": "combined_accounts",
      "call_type": "ballot",
      "input_tokens": 4804,
      "output_tokens": 99,
      "disposition": "resolved",
      "finish_reason": "stop"
    },
    {
      "arm": "combined_accounts",
      "call_type": "ballot",
      "input_tokens": 5438,
      "output_tokens": 76,
      "disposition": "resolved",
      "finish_reason": "stop"
    },
    {
      "arm": "repaired_clock",
      "call_type": "turn",
      "input_tokens": 3272,
      "output_tokens": 310,
      "disposition": "resolved",
      "finish_reason": "stop"
    },
    {
      "arm": "repaired_clock",
      "call_type": "turn",
      "input_tokens": 3588,
      "output_tokens": 149,
      "disposition": "resolved",
      "finish_reason": "stop"
    },
    {
      "arm": "repaired_clock",
      "call_type": "turn",
      "input_tokens": 3407,
      "output_tokens": 404,
      "disposition": "resolved",
      "finish_reason": "stop"
    },
    {
      "arm": "repaired_clock",
      "call_type": "ballot",
      "input_tokens": 3608,
      "output_tokens": 100,
      "disposition": "resolved",
      "finish_reason": "stop"
    },
    {
      "arm": "repaired_clock",
      "call_type": "ballot",
      "input_tokens": 3491,
      "output_tokens": 99,
      "disposition": "resolved",
      "finish_reason": "stop"
    },
    {
      "arm": "repaired_clock",
      "call_type": "ballot",
      "input_tokens": 4284,
      "output_tokens": 87,
      "disposition": "resolved",
      "finish_reason": "stop"
    },
    {
      "arm": "combined_accounts",
      "call_type": "turn",
      "input_tokens": 2405,
      "output_tokens": 531,
      "disposition": "resolved",
      "finish_reason": "stop"
    },
    {
      "arm": "combined_accounts",
      "call_type": "turn",
      "input_tokens": 3934,
      "output_tokens": 700,
      "disposition": "resolved",
      "finish_reason": "stop"
    },
    {
      "arm": "combined_accounts",
      "call_type": "turn",
      "input_tokens": 4580,
      "output_tokens": 325,
      "disposition": "resolved",
      "finish_reason": "stop"
    },
    {
      "arm": "combined_accounts",
      "call_type": "ballot",
      "input_tokens": 4889,
      "output_tokens": 125,
      "disposition": "resolved",
      "finish_reason": "stop"
    },
    {
      "arm": "combined_accounts",
      "call_type": "ballot",
      "input_tokens": 4778,
      "output_tokens": 106,
      "disposition": "resolved",
      "finish_reason": "stop"
    },
    {
      "arm": "combined_accounts",
      "call_type": "ballot",
      "input_tokens": 5586,
      "output_tokens": 67,
      "disposition": "resolved",
      "finish_reason": "stop"
    },
    {
      "arm": "repaired_clock",
      "call_type": "turn",
      "input_tokens": 2863,
      "output_tokens": 248,
      "disposition": "resolved",
      "finish_reason": "stop"
    },
    {
      "arm": "repaired_clock",
      "call_type": "turn",
      "input_tokens": 3527,
      "output_tokens": 154,
      "disposition": "resolved",
      "finish_reason": "stop"
    },
    {
      "arm": "repaired_clock",
      "call_type": "turn",
      "input_tokens": 3346,
      "output_tokens": 337,
      "disposition": "resolved",
      "finish_reason": "stop"
    },
    {
      "arm": "repaired_clock",
      "call_type": "ballot",
      "input_tokens": 3628,
      "output_tokens": 96,
      "disposition": "resolved",
      "finish_reason": "stop"
    },
    {
      "arm": "repaired_clock",
      "call_type": "ballot",
      "input_tokens": 3143,
      "output_tokens": 110,
      "disposition": "resolved",
      "finish_reason": "stop"
    },
    {
      "arm": "repaired_clock",
      "call_type": "ballot",
      "input_tokens": 4107,
      "output_tokens": 87,
      "disposition": "resolved",
      "finish_reason": "stop"
    },
    {
      "arm": "combined_accounts",
      "call_type": "turn",
      "input_tokens": 2003,
      "output_tokens": 530,
      "disposition": "resolved",
      "finish_reason": "stop"
    },
    {
      "arm": "combined_accounts",
      "call_type": "turn",
      "input_tokens": 4096,
      "output_tokens": 298,
      "disposition": "resolved",
      "finish_reason": "stop"
    },
    {
      "arm": "combined_accounts",
      "call_type": "turn",
      "input_tokens": 3979,
      "output_tokens": 318,
      "disposition": "resolved",
      "finish_reason": "stop"
    },
    {
      "arm": "combined_accounts",
      "call_type": "ballot",
      "input_tokens": 4069,
      "output_tokens": 79,
      "disposition": "resolved",
      "finish_reason": "stop"
    },
    {
      "arm": "combined_accounts",
      "call_type": "ballot",
      "input_tokens": 3584,
      "output_tokens": 100,
      "disposition": "resolved",
      "finish_reason": "stop"
    },
    {
      "arm": "combined_accounts",
      "call_type": "ballot",
      "input_tokens": 4660,
      "output_tokens": 71,
      "disposition": "resolved",
      "finish_reason": "stop"
    },
    {
      "arm": "repaired_clock",
      "call_type": "turn",
      "input_tokens": 3145,
      "output_tokens": 248,
      "disposition": "resolved",
      "finish_reason": "stop"
    },
    {
      "arm": "repaired_clock",
      "call_type": "turn",
      "input_tokens": 2983,
      "output_tokens": 158,
      "disposition": "resolved",
      "finish_reason": "stop"
    },
    {
      "arm": "repaired_clock",
      "call_type": "turn",
      "input_tokens": 2867,
      "output_tokens": 360,
      "disposition": "resolved",
      "finish_reason": "stop"
    },
    {
      "arm": "repaired_clock",
      "call_type": "ballot",
      "input_tokens": 3684,
      "output_tokens": 84,
      "disposition": "resolved",
      "finish_reason": "stop"
    },
    {
      "arm": "repaired_clock",
      "call_type": "ballot",
      "input_tokens": 3913,
      "output_tokens": 105,
      "disposition": "resolved",
      "finish_reason": "stop"
    },
    {
      "arm": "repaired_clock",
      "call_type": "ballot",
      "input_tokens": 3363,
      "output_tokens": 101,
      "disposition": "resolved",
      "finish_reason": "stop"
    },
    {
      "arm": "combined_accounts",
      "call_type": "turn",
      "input_tokens": 2285,
      "output_tokens": 452,
      "disposition": "resolved",
      "finish_reason": "stop"
    },
    {
      "arm": "combined_accounts",
      "call_type": "turn",
      "input_tokens": 3265,
      "output_tokens": 377,
      "disposition": "resolved",
      "finish_reason": "stop"
    },
    {
      "arm": "combined_accounts",
      "call_type": "turn",
      "input_tokens": 3238,
      "output_tokens": 614,
      "disposition": "resolved",
      "finish_reason": "stop"
    },
    {
      "arm": "combined_accounts",
      "call_type": "ballot",
      "input_tokens": 4235,
      "output_tokens": 97,
      "disposition": "resolved",
      "finish_reason": "stop"
    },
    {
      "arm": "combined_accounts",
      "call_type": "ballot",
      "input_tokens": 4509,
      "output_tokens": 97,
      "disposition": "resolved",
      "finish_reason": "stop"
    },
    {
      "arm": "combined_accounts",
      "call_type": "ballot",
      "input_tokens": 3942,
      "output_tokens": 68,
      "disposition": "resolved",
      "finish_reason": "stop"
    },
    {
      "arm": "repaired_clock",
      "call_type": "turn",
      "input_tokens": 3037,
      "output_tokens": 251,
      "disposition": "resolved",
      "finish_reason": "stop"
    },
    {
      "arm": "repaired_clock",
      "call_type": "turn",
      "input_tokens": 2794,
      "output_tokens": 174,
      "disposition": "resolved",
      "finish_reason": "stop"
    },
    {
      "arm": "repaired_clock",
      "call_type": "turn",
      "input_tokens": 3126,
      "output_tokens": 338,
      "disposition": "resolved",
      "finish_reason": "stop"
    },
    {
      "arm": "repaired_clock",
      "call_type": "ballot",
      "input_tokens": 3390,
      "output_tokens": 106,
      "disposition": "resolved",
      "finish_reason": "stop"
    },
    {
      "arm": "repaired_clock",
      "call_type": "ballot",
      "input_tokens": 3403,
      "output_tokens": 119,
      "disposition": "resolved",
      "finish_reason": "stop"
    },
    {
      "arm": "repaired_clock",
      "call_type": "ballot",
      "input_tokens": 3339,
      "output_tokens": 91,
      "disposition": "resolved",
      "finish_reason": "stop"
    },
    {
      "arm": "combined_accounts",
      "call_type": "turn",
      "input_tokens": 2181,
      "output_tokens": 447,
      "disposition": "resolved",
      "finish_reason": "stop"
    },
    {
      "arm": "combined_accounts",
      "call_type": "turn",
      "input_tokens": 3085,
      "output_tokens": 350,
      "disposition": "resolved",
      "finish_reason": "stop"
    },
    {
      "arm": "combined_accounts",
      "call_type": "turn",
      "input_tokens": 3465,
      "output_tokens": 416,
      "disposition": "resolved",
      "finish_reason": "stop"
    },
    {
      "arm": "combined_accounts",
      "call_type": "ballot",
      "input_tokens": 3857,
      "output_tokens": 78,
      "disposition": "resolved",
      "finish_reason": "stop"
    },
    {
      "arm": "combined_accounts",
      "call_type": "ballot",
      "input_tokens": 3750,
      "output_tokens": 122,
      "disposition": "resolved",
      "finish_reason": "stop"
    },
    {
      "arm": "combined_accounts",
      "call_type": "ballot",
      "input_tokens": 3682,
      "output_tokens": 85,
      "disposition": "resolved",
      "finish_reason": "stop"
    },
    {
      "arm": "repaired_clock",
      "call_type": "turn",
      "input_tokens": 3301,
      "output_tokens": 336,
      "disposition": "resolved",
      "finish_reason": "stop"
    },
    {
      "arm": "repaired_clock",
      "call_type": "turn",
      "input_tokens": 3231,
      "output_tokens": 192,
      "disposition": "resolved",
      "finish_reason": "stop"
    },
    {
      "arm": "repaired_clock",
      "call_type": "turn",
      "input_tokens": 2756,
      "output_tokens": 323,
      "disposition": "resolved",
      "finish_reason": "stop"
    },
    {
      "arm": "repaired_clock",
      "call_type": "ballot",
      "input_tokens": 3803,
      "output_tokens": 115,
      "disposition": "resolved",
      "finish_reason": "stop"
    },
    {
      "arm": "repaired_clock",
      "call_type": "ballot",
      "input_tokens": 3009,
      "output_tokens": 102,
      "disposition": "resolved",
      "finish_reason": "stop"
    },
    {
      "arm": "repaired_clock",
      "call_type": "ballot",
      "input_tokens": 3630,
      "output_tokens": 104,
      "disposition": "resolved",
      "finish_reason": "stop"
    },
    {
      "arm": "combined_accounts",
      "call_type": "turn",
      "input_tokens": 2441,
      "output_tokens": 532,
      "disposition": "resolved",
      "finish_reason": "stop"
    },
    {
      "arm": "combined_accounts",
      "call_type": "turn",
      "input_tokens": 3591,
      "output_tokens": 247,
      "disposition": "resolved",
      "finish_reason": "stop"
    },
    {
      "arm": "combined_accounts",
      "call_type": "turn",
      "input_tokens": 2953,
      "output_tokens": 290,
      "disposition": "resolved",
      "finish_reason": "stop"
    },
    {
      "arm": "combined_accounts",
      "call_type": "ballot",
      "input_tokens": 3921,
      "output_tokens": 81,
      "disposition": "resolved",
      "finish_reason": "stop"
    },
    {
      "arm": "combined_accounts",
      "call_type": "ballot",
      "input_tokens": 2993,
      "output_tokens": 94,
      "disposition": "resolved",
      "finish_reason": "stop"
    },
    {
      "arm": "combined_accounts",
      "call_type": "ballot",
      "input_tokens": 3616,
      "output_tokens": 100,
      "disposition": "resolved",
      "finish_reason": "stop"
    },
    {
      "arm": "repaired_clock",
      "call_type": "turn",
      "input_tokens": 2964,
      "output_tokens": 254,
      "disposition": "resolved",
      "finish_reason": "stop"
    },
    {
      "arm": "repaired_clock",
      "call_type": "turn",
      "input_tokens": 3144,
      "output_tokens": 162,
      "disposition": "resolved",
      "finish_reason": "stop"
    },
    {
      "arm": "repaired_clock",
      "call_type": "turn",
      "input_tokens": 2982,
      "output_tokens": 277,
      "disposition": "resolved",
      "finish_reason": "stop"
    },
    {
      "arm": "repaired_clock",
      "call_type": "ballot",
      "input_tokens": 3705,
      "output_tokens": 79,
      "disposition": "resolved",
      "finish_reason": "stop"
    },
    {
      "arm": "repaired_clock",
      "call_type": "ballot",
      "input_tokens": 3193,
      "output_tokens": 92,
      "disposition": "resolved",
      "finish_reason": "stop"
    },
    {
      "arm": "repaired_clock",
      "call_type": "ballot",
      "input_tokens": 3222,
      "output_tokens": 102,
      "disposition": "resolved",
      "finish_reason": "stop"
    },
    {
      "arm": "combined_accounts",
      "call_type": "turn",
      "input_tokens": 2108,
      "output_tokens": 618,
      "disposition": "resolved",
      "finish_reason": "stop"
    },
    {
      "arm": "combined_accounts",
      "call_type": "turn",
      "input_tokens": 3876,
      "output_tokens": 626,
      "disposition": "resolved",
      "finish_reason": "stop"
    },
    {
      "arm": "combined_accounts",
      "call_type": "turn",
      "input_tokens": 4575,
      "output_tokens": 427,
      "disposition": "resolved",
      "finish_reason": "stop"
    },
    {
      "arm": "combined_accounts",
      "call_type": "ballot",
      "input_tokens": 5527,
      "output_tokens": 71,
      "disposition": "resolved",
      "finish_reason": "stop"
    },
    {
      "arm": "combined_accounts",
      "call_type": "ballot",
      "input_tokens": 4884,
      "output_tokens": 108,
      "disposition": "resolved",
      "finish_reason": "stop"
    },
    {
      "arm": "combined_accounts",
      "call_type": "ballot",
      "input_tokens": 4907,
      "output_tokens": 99,
      "disposition": "resolved",
      "finish_reason": "stop"
    },
    {
      "arm": "repaired_clock",
      "call_type": "turn",
      "input_tokens": 3304,
      "output_tokens": 329,
      "disposition": "resolved",
      "finish_reason": "stop"
    },
    {
      "arm": "repaired_clock",
      "call_type": "turn",
      "input_tokens": 4099,
      "output_tokens": 373,
      "disposition": "resolved",
      "finish_reason": "stop"
    },
    {
      "arm": "repaired_clock",
      "call_type": "turn",
      "input_tokens": 4320,
      "output_tokens": 309,
      "disposition": "resolved",
      "finish_reason": "stop"
    },
    {
      "arm": "repaired_clock",
      "call_type": "ballot",
      "input_tokens": 4020,
      "output_tokens": 123,
      "disposition": "resolved",
      "finish_reason": "stop"
    },
    {
      "arm": "repaired_clock",
      "call_type": "ballot",
      "input_tokens": 4770,
      "output_tokens": 96,
      "disposition": "resolved",
      "finish_reason": "stop"
    },
    {
      "arm": "repaired_clock",
      "call_type": "ballot",
      "input_tokens": 4519,
      "output_tokens": 100,
      "disposition": "resolved",
      "finish_reason": "stop"
    },
    {
      "arm": "combined_accounts",
      "call_type": "turn",
      "input_tokens": 2442,
      "output_tokens": 384,
      "disposition": "resolved",
      "finish_reason": "stop"
    },
    {
      "arm": "combined_accounts",
      "call_type": "turn",
      "input_tokens": 3645,
      "output_tokens": 223,
      "disposition": "resolved",
      "finish_reason": "stop"
    },
    {
      "arm": "combined_accounts",
      "call_type": "turn",
      "input_tokens": 3978,
      "output_tokens": 278,
      "disposition": "resolved",
      "finish_reason": "stop"
    },
    {
      "arm": "combined_accounts",
      "call_type": "ballot",
      "input_tokens": 3295,
      "output_tokens": 108,
      "disposition": "resolved",
      "finish_reason": "stop"
    },
    {
      "arm": "combined_accounts",
      "call_type": "ballot",
      "input_tokens": 4036,
      "output_tokens": 70,
      "disposition": "resolved",
      "finish_reason": "stop"
    },
    {
      "arm": "combined_accounts",
      "call_type": "ballot",
      "input_tokens": 3912,
      "output_tokens": 67,
      "disposition": "resolved",
      "finish_reason": "stop"
    },
    {
      "arm": "repaired_clock",
      "call_type": "turn",
      "input_tokens": 3103,
      "output_tokens": 251,
      "disposition": "resolved",
      "finish_reason": "stop"
    },
    {
      "arm": "repaired_clock",
      "call_type": "turn",
      "input_tokens": 2982,
      "output_tokens": 395,
      "disposition": "resolved",
      "finish_reason": "stop"
    },
    {
      "arm": "repaired_clock",
      "call_type": "turn",
      "input_tokens": 4002,
      "output_tokens": 319,
      "disposition": "resolved",
      "finish_reason": "stop"
    },
    {
      "arm": "repaired_clock",
      "call_type": "ballot",
      "input_tokens": 4248,
      "output_tokens": 104,
      "disposition": "resolved",
      "finish_reason": "stop"
    },
    {
      "arm": "repaired_clock",
      "call_type": "ballot",
      "input_tokens": 3424,
      "output_tokens": 107,
      "disposition": "resolved",
      "finish_reason": "stop"
    },
    {
      "arm": "repaired_clock",
      "call_type": "ballot",
      "input_tokens": 3675,
      "output_tokens": 90,
      "disposition": "resolved",
      "finish_reason": "stop"
    },
    {
      "arm": "combined_accounts",
      "call_type": "turn",
      "input_tokens": 2241,
      "output_tokens": 483,
      "disposition": "resolved",
      "finish_reason": "stop"
    },
    {
      "arm": "combined_accounts",
      "call_type": "turn",
      "input_tokens": 3508,
      "output_tokens": 308,
      "disposition": "resolved",
      "finish_reason": "stop"
    },
    {
      "arm": "combined_accounts",
      "call_type": "turn",
      "input_tokens": 3190,
      "output_tokens": 260,
      "disposition": "resolved",
      "finish_reason": "stop"
    },
    {
      "arm": "combined_accounts",
      "call_type": "ballot",
      "input_tokens": 4043,
      "output_tokens": 81,
      "disposition": "resolved",
      "finish_reason": "stop"
    },
    {
      "arm": "combined_accounts",
      "call_type": "ballot",
      "input_tokens": 3261,
      "output_tokens": 123,
      "disposition": "resolved",
      "finish_reason": "stop"
    },
    {
      "arm": "combined_accounts",
      "call_type": "ballot",
      "input_tokens": 3512,
      "output_tokens": 93,
      "disposition": "resolved",
      "finish_reason": "stop"
    },
    {
      "arm": "repaired_clock",
      "call_type": "turn",
      "input_tokens": 3048,
      "output_tokens": 264,
      "disposition": "resolved",
      "finish_reason": "stop"
    },
    {
      "arm": "repaired_clock",
      "call_type": "turn",
      "input_tokens": 3048,
      "output_tokens": 142,
      "disposition": "resolved",
      "finish_reason": "stop"
    },
    {
      "arm": "repaired_clock",
      "call_type": "turn",
      "input_tokens": 2982,
      "output_tokens": 243,
      "disposition": "resolved",
      "finish_reason": "stop"
    },
    {
      "arm": "repaired_clock",
      "call_type": "ballot",
      "input_tokens": 3577,
      "output_tokens": 87,
      "disposition": "resolved",
      "finish_reason": "stop"
    },
    {
      "arm": "repaired_clock",
      "call_type": "ballot",
      "input_tokens": 3263,
      "output_tokens": 109,
      "disposition": "resolved",
      "finish_reason": "stop"
    },
    {
      "arm": "repaired_clock",
      "call_type": "ballot",
      "input_tokens": 3219,
      "output_tokens": 108,
      "disposition": "resolved",
      "finish_reason": "stop"
    },
    {
      "arm": "combined_accounts",
      "call_type": "turn",
      "input_tokens": 2175,
      "output_tokens": 395,
      "disposition": "resolved",
      "finish_reason": "stop"
    },
    {
      "arm": "combined_accounts",
      "call_type": "turn",
      "input_tokens": 3255,
      "output_tokens": 392,
      "disposition": "resolved",
      "finish_reason": "stop"
    },
    {
      "arm": "combined_accounts",
      "call_type": "turn",
      "input_tokens": 3487,
      "output_tokens": 466,
      "disposition": "resolved",
      "finish_reason": "stop"
    },
    {
      "arm": "combined_accounts",
      "call_type": "ballot",
      "input_tokens": 4372,
      "output_tokens": 73,
      "disposition": "resolved",
      "finish_reason": "stop"
    },
    {
      "arm": "combined_accounts",
      "call_type": "ballot",
      "input_tokens": 3910,
      "output_tokens": 111,
      "disposition": "resolved",
      "finish_reason": "stop"
    },
    {
      "arm": "combined_accounts",
      "call_type": "ballot",
      "input_tokens": 3890,
      "output_tokens": 133,
      "disposition": "resolved",
      "finish_reason": "stop"
    },
    {
      "arm": "repaired_clock",
      "call_type": "turn",
      "input_tokens": 3655,
      "output_tokens": 400,
      "disposition": "resolved",
      "finish_reason": "stop"
    },
    {
      "arm": "repaired_clock",
      "call_type": "turn",
      "input_tokens": 4126,
      "output_tokens": 443,
      "disposition": "resolved",
      "finish_reason": "stop"
    },
    {
      "arm": "repaired_clock",
      "call_type": "turn",
      "input_tokens": 4287,
      "output_tokens": 275,
      "disposition": "resolved",
      "finish_reason": "stop"
    },
    {
      "arm": "repaired_clock",
      "call_type": "ballot",
      "input_tokens": 4134,
      "output_tokens": 160,
      "disposition": "resolved",
      "finish_reason": "stop"
    },
    {
      "arm": "repaired_clock",
      "call_type": "ballot",
      "input_tokens": 4387,
      "output_tokens": 113,
      "disposition": "resolved",
      "finish_reason": "stop"
    },
    {
      "arm": "repaired_clock",
      "call_type": "ballot",
      "input_tokens": 4462,
      "output_tokens": 99,
      "disposition": "resolved",
      "finish_reason": "stop"
    },
    {
      "arm": "combined_accounts",
      "call_type": "turn",
      "input_tokens": 2788,
      "output_tokens": 970,
      "disposition": "resolved",
      "finish_reason": "stop"
    },
    {
      "arm": "combined_accounts",
      "call_type": "turn",
      "input_tokens": 4725,
      "output_tokens": 265,
      "disposition": "resolved",
      "finish_reason": "stop"
    },
    {
      "arm": "combined_accounts",
      "call_type": "turn",
      "input_tokens": 5163,
      "output_tokens": 700,
      "disposition": "resolved",
      "finish_reason": "stop"
    },
    {
      "arm": "combined_accounts",
      "call_type": "ballot",
      "input_tokens": 5888,
      "output_tokens": 78,
      "disposition": "resolved",
      "finish_reason": "stop"
    },
    {
      "arm": "combined_accounts",
      "call_type": "ballot",
      "input_tokens": 6145,
      "output_tokens": 72,
      "disposition": "resolved",
      "finish_reason": "stop"
    },
    {
      "arm": "combined_accounts",
      "call_type": "ballot",
      "input_tokens": 6227,
      "output_tokens": 83,
      "disposition": "resolved",
      "finish_reason": "stop"
    },
    {
      "arm": "repaired_clock",
      "call_type": "turn",
      "input_tokens": 2937,
      "output_tokens": 292,
      "disposition": "resolved",
      "finish_reason": "stop"
    },
    {
      "arm": "repaired_clock",
      "call_type": "turn",
      "input_tokens": 3480,
      "output_tokens": 160,
      "disposition": "resolved",
      "finish_reason": "stop"
    },
    {
      "arm": "repaired_clock",
      "call_type": "turn",
      "input_tokens": 3171,
      "output_tokens": 215,
      "disposition": "resolved",
      "finish_reason": "stop"
    },
    {
      "arm": "repaired_clock",
      "call_type": "ballot",
      "input_tokens": 3168,
      "output_tokens": 92,
      "disposition": "resolved",
      "finish_reason": "stop"
    },
    {
      "arm": "repaired_clock",
      "call_type": "ballot",
      "input_tokens": 3370,
      "output_tokens": 71,
      "disposition": "resolved",
      "finish_reason": "stop"
    },
    {
      "arm": "repaired_clock",
      "call_type": "ballot",
      "input_tokens": 3983,
      "output_tokens": 94,
      "disposition": "resolved",
      "finish_reason": "stop"
    },
    {
      "arm": "combined_accounts",
      "call_type": "turn",
      "input_tokens": 2081,
      "output_tokens": 637,
      "disposition": "resolved",
      "finish_reason": "stop"
    },
    {
      "arm": "combined_accounts",
      "call_type": "turn",
      "input_tokens": 4172,
      "output_tokens": 736,
      "disposition": "resolved",
      "finish_reason": "stop"
    },
    {
      "arm": "combined_accounts",
      "call_type": "turn",
      "input_tokens": 4931,
      "output_tokens": 449,
      "disposition": "resolved",
      "finish_reason": "stop"
    },
    {
      "arm": "combined_accounts",
      "call_type": "ballot",
      "input_tokens": 5044,
      "output_tokens": 109,
      "disposition": "resolved",
      "finish_reason": "stop"
    },
    {
      "arm": "combined_accounts",
      "call_type": "ballot",
      "input_tokens": 5248,
      "output_tokens": 113,
      "disposition": "resolved",
      "finish_reason": "stop"
    },
    {
      "arm": "combined_accounts",
      "call_type": "ballot",
      "input_tokens": 5990,
      "output_tokens": 96,
      "disposition": "resolved",
      "finish_reason": "stop"
    },
    {
      "arm": "repaired_clock",
      "call_type": "turn",
      "input_tokens": 3476,
      "output_tokens": 357,
      "disposition": "resolved",
      "finish_reason": "stop"
    },
    {
      "arm": "repaired_clock",
      "call_type": "turn",
      "input_tokens": 3411,
      "output_tokens": 321,
      "disposition": "resolved",
      "finish_reason": "stop"
    },
    {
      "arm": "repaired_clock",
      "call_type": "turn",
      "input_tokens": 4101,
      "output_tokens": 326,
      "disposition": "resolved",
      "finish_reason": "stop"
    },
    {
      "arm": "repaired_clock",
      "call_type": "ballot",
      "input_tokens": 4294,
      "output_tokens": 108,
      "disposition": "resolved",
      "finish_reason": "stop"
    },
    {
      "arm": "repaired_clock",
      "call_type": "ballot",
      "input_tokens": 3597,
      "output_tokens": 98,
      "disposition": "resolved",
      "finish_reason": "stop"
    },
    {
      "arm": "repaired_clock",
      "call_type": "ballot",
      "input_tokens": 3890,
      "output_tokens": 109,
      "disposition": "resolved",
      "finish_reason": "stop"
    },
    {
      "arm": "combined_accounts",
      "call_type": "turn",
      "input_tokens": 2609,
      "output_tokens": 668,
      "disposition": "resolved",
      "finish_reason": "stop"
    },
    {
      "arm": "combined_accounts",
      "call_type": "turn",
      "input_tokens": 3369,
      "output_tokens": 373,
      "disposition": "resolved",
      "finish_reason": "stop"
    },
    {
      "arm": "combined_accounts",
      "call_type": "turn",
      "input_tokens": 4516,
      "output_tokens": 524,
      "disposition": "resolved",
      "finish_reason": "stop"
    },
    {
      "arm": "combined_accounts",
      "call_type": "ballot",
      "input_tokens": 5007,
      "output_tokens": 123,
      "disposition": "resolved",
      "finish_reason": "stop"
    },
    {
      "arm": "combined_accounts",
      "call_type": "ballot",
      "input_tokens": 4362,
      "output_tokens": 117,
      "disposition": "resolved",
      "finish_reason": "stop"
    },
    {
      "arm": "combined_accounts",
      "call_type": "ballot",
      "input_tokens": 4640,
      "output_tokens": 117,
      "disposition": "resolved",
      "finish_reason": "stop"
    },
    {
      "arm": "repaired_clock",
      "call_type": "turn",
      "input_tokens": 3187,
      "output_tokens": 230,
      "disposition": "resolved",
      "finish_reason": "stop"
    },
    {
      "arm": "repaired_clock",
      "call_type": "turn",
      "input_tokens": 2865,
      "output_tokens": 168,
      "disposition": "resolved",
      "finish_reason": "stop"
    },
    {
      "arm": "repaired_clock",
      "call_type": "turn",
      "input_tokens": 2837,
      "output_tokens": 357,
      "disposition": "resolved",
      "finish_reason": "stop"
    },
    {
      "arm": "repaired_clock",
      "call_type": "ballot",
      "input_tokens": 3454,
      "output_tokens": 98,
      "disposition": "resolved",
      "finish_reason": "stop"
    },
    {
      "arm": "repaired_clock",
      "call_type": "ballot",
      "input_tokens": 3514,
      "output_tokens": 95,
      "disposition": "resolved",
      "finish_reason": "stop"
    },
    {
      "arm": "repaired_clock",
      "call_type": "ballot",
      "input_tokens": 3134,
      "output_tokens": 101,
      "disposition": "resolved",
      "finish_reason": "stop"
    },
    {
      "arm": "combined_accounts",
      "call_type": "turn",
      "input_tokens": 2322,
      "output_tokens": 535,
      "disposition": "resolved",
      "finish_reason": "stop"
    },
    {
      "arm": "combined_accounts",
      "call_type": "turn",
      "input_tokens": 2838,
      "output_tokens": 195,
      "disposition": "resolved",
      "finish_reason": "stop"
    },
    {
      "arm": "combined_accounts",
      "call_type": "turn",
      "input_tokens": 3550,
      "output_tokens": 292,
      "disposition": "resolved",
      "finish_reason": "stop"
    },
    {
      "arm": "combined_accounts",
      "call_type": "ballot",
      "input_tokens": 3415,
      "output_tokens": 81,
      "disposition": "resolved",
      "finish_reason": "stop"
    },
    {
      "arm": "combined_accounts",
      "call_type": "ballot",
      "input_tokens": 3619,
      "output_tokens": 82,
      "disposition": "resolved",
      "finish_reason": "stop"
    },
    {
      "arm": "combined_accounts",
      "call_type": "ballot",
      "input_tokens": 3088,
      "output_tokens": 86,
      "disposition": "resolved",
      "finish_reason": "stop"
    },
    {
      "arm": "repaired_clock",
      "call_type": "turn",
      "input_tokens": 3335,
      "output_tokens": 373,
      "disposition": "resolved",
      "finish_reason": "stop"
    },
    {
      "arm": "repaired_clock",
      "call_type": "turn",
      "input_tokens": 3111,
      "output_tokens": 421,
      "disposition": "resolved",
      "finish_reason": "stop"
    },
    {
      "arm": "repaired_clock",
      "call_type": "turn",
      "input_tokens": 3897,
      "output_tokens": 139,
      "disposition": "resolved",
      "finish_reason": "stop"
    },
    {
      "arm": "repaired_clock",
      "call_type": "ballot",
      "input_tokens": 4430,
      "output_tokens": 106,
      "disposition": "resolved",
      "finish_reason": "stop"
    },
    {
      "arm": "repaired_clock",
      "call_type": "ballot",
      "input_tokens": 3452,
      "output_tokens": 103,
      "disposition": "resolved",
      "finish_reason": "stop"
    },
    {
      "arm": "repaired_clock",
      "call_type": "ballot",
      "input_tokens": 3895,
      "output_tokens": 111,
      "disposition": "resolved",
      "finish_reason": "stop"
    },
    {
      "arm": "combined_accounts",
      "call_type": "turn",
      "input_tokens": 2473,
      "output_tokens": 537,
      "disposition": "resolved",
      "finish_reason": "stop"
    },
    {
      "arm": "combined_accounts",
      "call_type": "turn",
      "input_tokens": 2955,
      "output_tokens": 225,
      "disposition": "resolved",
      "finish_reason": "stop"
    },
    {
      "arm": "combined_accounts",
      "call_type": "turn",
      "input_tokens": 4268,
      "output_tokens": 251,
      "disposition": "resolved",
      "finish_reason": "stop"
    },
    {
      "arm": "combined_accounts",
      "call_type": "ballot",
      "input_tokens": 4191,
      "output_tokens": 77,
      "disposition": "resolved",
      "finish_reason": "stop"
    },
    {
      "arm": "combined_accounts",
      "call_type": "ballot",
      "input_tokens": 3195,
      "output_tokens": 80,
      "disposition": "resolved",
      "finish_reason": "stop"
    },
    {
      "arm": "combined_accounts",
      "call_type": "ballot",
      "input_tokens": 3609,
      "output_tokens": 81,
      "disposition": "resolved",
      "finish_reason": "stop"
    }
  ],
  "unit_usage": [
    {
      "seed": 3000,
      "arm": "repaired_clock",
      "attempts": 6,
      "completions": 6,
      "input_tokens": 20668,
      "output_tokens": 1197,
      "model_work_seconds": 95.8788089172449,
      "defaulted_turns": 0,
      "defaulted_votes": 0,
      "charged_failed_attempts": 0,
      "retried_calls": 0,
      "unaccounted_attempts": 0
    },
    {
      "seed": 3000,
      "arm": "combined_accounts",
      "attempts": 6,
      "completions": 6,
      "input_tokens": 21235,
      "output_tokens": 1399,
      "model_work_seconds": 47.50880183279514,
      "defaulted_turns": 0,
      "defaulted_votes": 0,
      "charged_failed_attempts": 0,
      "retried_calls": 0,
      "unaccounted_attempts": 0
    },
    {
      "seed": 3001,
      "arm": "repaired_clock",
      "attempts": 6,
      "completions": 6,
      "input_tokens": 21953,
      "output_tokens": 1141,
      "model_work_seconds": 40.19374249991961,
      "defaulted_turns": 0,
      "defaulted_votes": 0,
      "charged_failed_attempts": 0,
      "retried_calls": 0,
      "unaccounted_attempts": 0
    },
    {
      "seed": 3001,
      "arm": "combined_accounts",
      "attempts": 6,
      "completions": 6,
      "input_tokens": 22770,
      "output_tokens": 1486,
      "model_work_seconds": 48.55392729095183,
      "defaulted_turns": 0,
      "defaulted_votes": 0,
      "charged_failed_attempts": 0,
      "retried_calls": 0,
      "unaccounted_attempts": 0
    },
    {
      "seed": 3002,
      "arm": "repaired_clock",
      "attempts": 6,
      "completions": 6,
      "input_tokens": 23718,
      "output_tokens": 1514,
      "model_work_seconds": 51.63066962501034,
      "defaulted_turns": 0,
      "defaulted_votes": 0,
      "charged_failed_attempts": 0,
      "retried_calls": 0,
      "unaccounted_attempts": 0
    },
    {
      "seed": 3002,
      "arm": "combined_accounts",
      "attempts": 6,
      "completions": 6,
      "input_tokens": 24729,
      "output_tokens": 1702,
      "model_work_seconds": 55.36767733260058,
      "defaulted_turns": 0,
      "defaulted_votes": 0,
      "charged_failed_attempts": 0,
      "retried_calls": 0,
      "unaccounted_attempts": 0
    },
    {
      "seed": 3003,
      "arm": "repaired_clock",
      "attempts": 6,
      "completions": 6,
      "input_tokens": 20731,
      "output_tokens": 935,
      "model_work_seconds": 52.26786308479495,
      "defaulted_turns": 0,
      "defaulted_votes": 0,
      "charged_failed_attempts": 0,
      "retried_calls": 0,
      "unaccounted_attempts": 0
    },
    {
      "seed": 3003,
      "arm": "combined_accounts",
      "attempts": 6,
      "completions": 6,
      "input_tokens": 22739,
      "output_tokens": 1499,
      "model_work_seconds": 54.00537041784264,
      "defaulted_turns": 0,
      "defaulted_votes": 0,
      "charged_failed_attempts": 0,
      "retried_calls": 0,
      "unaccounted_attempts": 0
    },
    {
      "seed": 3004,
      "arm": "repaired_clock",
      "attempts": 6,
      "completions": 6,
      "input_tokens": 19429,
      "output_tokens": 1074,
      "model_work_seconds": 50.770082417177036,
      "defaulted_turns": 0,
      "defaulted_votes": 0,
      "charged_failed_attempts": 0,
      "retried_calls": 0,
      "unaccounted_attempts": 0
    },
    {
      "seed": 3004,
      "arm": "combined_accounts",
      "attempts": 6,
      "completions": 6,
      "input_tokens": 22298,
      "output_tokens": 1469,
      "model_work_seconds": 61.65331162605435,
      "defaulted_turns": 0,
      "defaulted_votes": 0,
      "charged_failed_attempts": 0,
      "retried_calls": 0,
      "unaccounted_attempts": 0
    },
    {
      "seed": 3005,
      "arm": "repaired_clock",
      "attempts": 6,
      "completions": 6,
      "input_tokens": 21468,
      "output_tokens": 1164,
      "model_work_seconds": 64.36910575022921,
      "defaulted_turns": 0,
      "defaulted_votes": 0,
      "charged_failed_attempts": 0,
      "retried_calls": 0,
      "unaccounted_attempts": 0
    },
    {
      "seed": 3005,
      "arm": "combined_accounts",
      "attempts": 6,
      "completions": 6,
      "input_tokens": 26705,
      "output_tokens": 2008,
      "model_work_seconds": 70.08259012573399,
      "defaulted_turns": 0,
      "defaulted_votes": 0,
      "charged_failed_attempts": 0,
      "retried_calls": 0,
      "unaccounted_attempts": 0
    },
    {
      "seed": 3006,
      "arm": "repaired_clock",
      "attempts": 6,
      "completions": 6,
      "input_tokens": 19664,
      "output_tokens": 1145,
      "model_work_seconds": 78.53337916708551,
      "defaulted_turns": 0,
      "defaulted_votes": 0,
      "charged_failed_attempts": 0,
      "retried_calls": 0,
      "unaccounted_attempts": 0
    },
    {
      "seed": 3006,
      "arm": "combined_accounts",
      "attempts": 6,
      "completions": 6,
      "input_tokens": 19887,
      "output_tokens": 1363,
      "model_work_seconds": 138.1728370829951,
      "defaulted_turns": 0,
      "defaulted_votes": 0,
      "charged_failed_attempts": 0,
      "retried_calls": 0,
      "unaccounted_attempts": 0
    },
    {
      "seed": 3007,
      "arm": "repaired_clock",
      "attempts": 6,
      "completions": 6,
      "input_tokens": 25604,
      "output_tokens": 1526,
      "model_work_seconds": 63.193143625045195,
      "defaulted_turns": 0,
      "defaulted_votes": 0,
      "charged_failed_attempts": 0,
      "retried_calls": 0,
      "unaccounted_attempts": 0
    },
    {
      "seed": 3007,
      "arm": "combined_accounts",
      "attempts": 6,
      "completions": 6,
      "input_tokens": 27857,
      "output_tokens": 1783,
      "model_work_seconds": 66.29966941825114,
      "defaulted_turns": 0,
      "defaulted_votes": 0,
      "charged_failed_attempts": 0,
      "retried_calls": 0,
      "unaccounted_attempts": 0
    },
    {
      "seed": 3008,
      "arm": "repaired_clock",
      "attempts": 6,
      "completions": 6,
      "input_tokens": 19307,
      "output_tokens": 1128,
      "model_work_seconds": 44.0056694583036,
      "defaulted_turns": 0,
      "defaulted_votes": 0,
      "charged_failed_attempts": 0,
      "retried_calls": 0,
      "unaccounted_attempts": 0
    },
    {
      "seed": 3008,
      "arm": "combined_accounts",
      "attempts": 6,
      "completions": 6,
      "input_tokens": 20550,
      "output_tokens": 1600,
      "model_work_seconds": 55.07402554200962,
      "defaulted_turns": 0,
      "defaulted_votes": 0,
      "charged_failed_attempts": 0,
      "retried_calls": 0,
      "unaccounted_attempts": 0
    },
    {
      "seed": 3010,
      "arm": "repaired_clock",
      "attempts": 6,
      "completions": 6,
      "input_tokens": 18522,
      "output_tokens": 937,
      "model_work_seconds": 63.116105917841196,
      "defaulted_turns": 0,
      "defaulted_votes": 0,
      "charged_failed_attempts": 0,
      "retried_calls": 0,
      "unaccounted_attempts": 0
    },
    {
      "seed": 3010,
      "arm": "combined_accounts",
      "attempts": 6,
      "completions": 6,
      "input_tokens": 21499,
      "output_tokens": 1600,
      "model_work_seconds": 56.31328641693108,
      "defaulted_turns": 0,
      "defaulted_votes": 0,
      "charged_failed_attempts": 0,
      "retried_calls": 0,
      "unaccounted_attempts": 0
    },
    {
      "seed": 3011,
      "arm": "repaired_clock",
      "attempts": 6,
      "completions": 6,
      "input_tokens": 20385,
      "output_tokens": 950,
      "model_work_seconds": 43.1571582921315,
      "defaulted_turns": 0,
      "defaulted_votes": 0,
      "charged_failed_attempts": 0,
      "retried_calls": 0,
      "unaccounted_attempts": 0
    },
    {
      "seed": 3011,
      "arm": "combined_accounts",
      "attempts": 6,
      "completions": 6,
      "input_tokens": 22505,
      "output_tokens": 1524,
      "model_work_seconds": 54.1320827503223,
      "defaulted_turns": 0,
      "defaulted_votes": 0,
      "charged_failed_attempts": 0,
      "retried_calls": 0,
      "unaccounted_attempts": 0
    },
    {
      "seed": 3012,
      "arm": "repaired_clock",
      "attempts": 6,
      "completions": 6,
      "input_tokens": 19248,
      "output_tokens": 1021,
      "model_work_seconds": 40.85197791480459,
      "defaulted_turns": 0,
      "defaulted_votes": 0,
      "charged_failed_attempts": 0,
      "retried_calls": 0,
      "unaccounted_attempts": 0
    },
    {
      "seed": 3012,
      "arm": "combined_accounts",
      "attempts": 6,
      "completions": 6,
      "input_tokens": 18428,
      "output_tokens": 1344,
      "model_work_seconds": 66.5995222509373,
      "defaulted_turns": 0,
      "defaulted_votes": 0,
      "charged_failed_attempts": 0,
      "retried_calls": 0,
      "unaccounted_attempts": 0
    },
    {
      "seed": 3015,
      "arm": "repaired_clock",
      "attempts": 6,
      "completions": 6,
      "input_tokens": 21529,
      "output_tokens": 1066,
      "model_work_seconds": 65.90415196004324,
      "defaulted_turns": 0,
      "defaulted_votes": 0,
      "charged_failed_attempts": 0,
      "retried_calls": 0,
      "unaccounted_attempts": 0
    },
    {
      "seed": 3015,
      "arm": "combined_accounts",
      "attempts": 6,
      "completions": 6,
      "input_tokens": 23880,
      "output_tokens": 1580,
      "model_work_seconds": 69.7141872078646,
      "defaulted_turns": 0,
      "defaulted_votes": 0,
      "charged_failed_attempts": 0,
      "retried_calls": 0,
      "unaccounted_attempts": 0
    },
    {
      "seed": 3016,
      "arm": "repaired_clock",
      "attempts": 6,
      "completions": 6,
      "input_tokens": 20350,
      "output_tokens": 1048,
      "model_work_seconds": 42.576564624672756,
      "defaulted_turns": 0,
      "defaulted_votes": 0,
      "charged_failed_attempts": 0,
      "retried_calls": 0,
      "unaccounted_attempts": 0
    },
    {
      "seed": 3016,
      "arm": "combined_accounts",
      "attempts": 6,
      "completions": 6,
      "input_tokens": 22163,
      "output_tokens": 1701,
      "model_work_seconds": 67.87132516666315,
      "defaulted_turns": 0,
      "defaulted_votes": 0,
      "charged_failed_attempts": 0,
      "retried_calls": 0,
      "unaccounted_attempts": 0
    },
    {
      "seed": 3017,
      "arm": "repaired_clock",
      "attempts": 6,
      "completions": 6,
      "input_tokens": 22075,
      "output_tokens": 1076,
      "model_work_seconds": 46.67457824898884,
      "defaulted_turns": 0,
      "defaulted_votes": 0,
      "charged_failed_attempts": 0,
      "retried_calls": 0,
      "unaccounted_attempts": 0
    },
    {
      "seed": 3017,
      "arm": "combined_accounts",
      "attempts": 6,
      "completions": 6,
      "input_tokens": 21267,
      "output_tokens": 1286,
      "model_work_seconds": 50.333988583879545,
      "defaulted_turns": 0,
      "defaulted_votes": 0,
      "charged_failed_attempts": 0,
      "retried_calls": 0,
      "unaccounted_attempts": 0
    },
    {
      "seed": 3018,
      "arm": "repaired_clock",
      "attempts": 6,
      "completions": 6,
      "input_tokens": 20171,
      "output_tokens": 1077,
      "model_work_seconds": 44.60804725042544,
      "defaulted_turns": 0,
      "defaulted_votes": 0,
      "charged_failed_attempts": 0,
      "retried_calls": 0,
      "unaccounted_attempts": 0
    },
    {
      "seed": 3018,
      "arm": "combined_accounts",
      "attempts": 6,
      "completions": 6,
      "input_tokens": 18874,
      "output_tokens": 1250,
      "model_work_seconds": 57.685239125741646,
      "defaulted_turns": 0,
      "defaulted_votes": 0,
      "charged_failed_attempts": 0,
      "retried_calls": 0,
      "unaccounted_attempts": 0
    },
    {
      "seed": 3019,
      "arm": "repaired_clock",
      "attempts": 6,
      "completions": 6,
      "input_tokens": 22077,
      "output_tokens": 1295,
      "model_work_seconds": 51.57690162630752,
      "defaulted_turns": 0,
      "defaulted_votes": 0,
      "charged_failed_attempts": 0,
      "retried_calls": 0,
      "unaccounted_attempts": 0
    },
    {
      "seed": 3019,
      "arm": "combined_accounts",
      "attempts": 6,
      "completions": 6,
      "input_tokens": 21800,
      "output_tokens": 1504,
      "model_work_seconds": 55.21486720768735,
      "defaulted_turns": 0,
      "defaulted_votes": 0,
      "charged_failed_attempts": 0,
      "retried_calls": 0,
      "unaccounted_attempts": 0
    },
    {
      "seed": 3021,
      "arm": "repaired_clock",
      "attempts": 6,
      "completions": 6,
      "input_tokens": 21160,
      "output_tokens": 1154,
      "model_work_seconds": 44.796780249802396,
      "defaulted_turns": 0,
      "defaulted_votes": 0,
      "charged_failed_attempts": 0,
      "retried_calls": 0,
      "unaccounted_attempts": 0
    },
    {
      "seed": 3021,
      "arm": "combined_accounts",
      "attempts": 6,
      "completions": 6,
      "input_tokens": 21223,
      "output_tokens": 1431,
      "model_work_seconds": 60.3649358341936,
      "defaulted_turns": 0,
      "defaulted_votes": 0,
      "charged_failed_attempts": 0,
      "retried_calls": 0,
      "unaccounted_attempts": 0
    },
    {
      "seed": 3022,
      "arm": "repaired_clock",
      "attempts": 6,
      "completions": 6,
      "input_tokens": 20733,
      "output_tokens": 1122,
      "model_work_seconds": 43.77416845760308,
      "defaulted_turns": 0,
      "defaulted_votes": 0,
      "charged_failed_attempts": 0,
      "retried_calls": 0,
      "unaccounted_attempts": 0
    },
    {
      "seed": 3022,
      "arm": "combined_accounts",
      "attempts": 6,
      "completions": 6,
      "input_tokens": 24087,
      "output_tokens": 1732,
      "model_work_seconds": 61.88911262480542,
      "defaulted_turns": 0,
      "defaulted_votes": 0,
      "charged_failed_attempts": 0,
      "retried_calls": 0,
      "unaccounted_attempts": 0
    },
    {
      "seed": 3023,
      "arm": "repaired_clock",
      "attempts": 6,
      "completions": 6,
      "input_tokens": 19963,
      "output_tokens": 1239,
      "model_work_seconds": 48.84455704316497,
      "defaulted_turns": 0,
      "defaulted_votes": 0,
      "charged_failed_attempts": 0,
      "retried_calls": 0,
      "unaccounted_attempts": 0
    },
    {
      "seed": 3023,
      "arm": "combined_accounts",
      "attempts": 6,
      "completions": 6,
      "input_tokens": 18594,
      "output_tokens": 1374,
      "model_work_seconds": 49.86134145967662,
      "defaulted_turns": 0,
      "defaulted_votes": 0,
      "charged_failed_attempts": 0,
      "retried_calls": 0,
      "unaccounted_attempts": 0
    },
    {
      "seed": 3025,
      "arm": "repaired_clock",
      "attempts": 6,
      "completions": 6,
      "input_tokens": 19435,
      "output_tokens": 1057,
      "model_work_seconds": 45.09931174875237,
      "defaulted_turns": 0,
      "defaulted_votes": 0,
      "charged_failed_attempts": 0,
      "retried_calls": 0,
      "unaccounted_attempts": 0
    },
    {
      "seed": 3025,
      "arm": "combined_accounts",
      "attempts": 6,
      "completions": 6,
      "input_tokens": 18885,
      "output_tokens": 1423,
      "model_work_seconds": 51.44456887431443,
      "defaulted_turns": 0,
      "defaulted_votes": 0,
      "charged_failed_attempts": 0,
      "retried_calls": 0,
      "unaccounted_attempts": 0
    },
    {
      "seed": 3026,
      "arm": "repaired_clock",
      "attempts": 6,
      "completions": 6,
      "input_tokens": 21407,
      "output_tokens": 1308,
      "model_work_seconds": 50.03027037368156,
      "defaulted_turns": 0,
      "defaulted_votes": 0,
      "charged_failed_attempts": 0,
      "retried_calls": 0,
      "unaccounted_attempts": 0
    },
    {
      "seed": 3026,
      "arm": "combined_accounts",
      "attempts": 6,
      "completions": 6,
      "input_tokens": 25273,
      "output_tokens": 1714,
      "model_work_seconds": 59.60683920769952,
      "defaulted_turns": 0,
      "defaulted_votes": 0,
      "charged_failed_attempts": 0,
      "retried_calls": 0,
      "unaccounted_attempts": 0
    },
    {
      "seed": 3028,
      "arm": "repaired_clock",
      "attempts": 6,
      "completions": 6,
      "input_tokens": 20044,
      "output_tokens": 1036,
      "model_work_seconds": 42.36798712727614,
      "defaulted_turns": 0,
      "defaulted_votes": 0,
      "charged_failed_attempts": 0,
      "retried_calls": 0,
      "unaccounted_attempts": 0
    },
    {
      "seed": 3028,
      "arm": "combined_accounts",
      "attempts": 6,
      "completions": 6,
      "input_tokens": 19372,
      "output_tokens": 1232,
      "model_work_seconds": 47.479449168080464,
      "defaulted_turns": 0,
      "defaulted_votes": 0,
      "charged_failed_attempts": 0,
      "retried_calls": 0,
      "unaccounted_attempts": 0
    },
    {
      "seed": 3030,
      "arm": "repaired_clock",
      "attempts": 6,
      "completions": 6,
      "input_tokens": 20544,
      "output_tokens": 1144,
      "model_work_seconds": 45.287539958022535,
      "defaulted_turns": 0,
      "defaulted_votes": 0,
      "charged_failed_attempts": 0,
      "retried_calls": 0,
      "unaccounted_attempts": 0
    },
    {
      "seed": 3030,
      "arm": "combined_accounts",
      "attempts": 6,
      "completions": 6,
      "input_tokens": 23981,
      "output_tokens": 1787,
      "model_work_seconds": 62.37190200085752,
      "defaulted_turns": 0,
      "defaulted_votes": 0,
      "charged_failed_attempts": 0,
      "retried_calls": 0,
      "unaccounted_attempts": 0
    },
    {
      "seed": 3031,
      "arm": "repaired_clock",
      "attempts": 6,
      "completions": 6,
      "input_tokens": 18802,
      "output_tokens": 1041,
      "model_work_seconds": 51.53040124848485,
      "defaulted_turns": 0,
      "defaulted_votes": 0,
      "charged_failed_attempts": 0,
      "retried_calls": 0,
      "unaccounted_attempts": 0
    },
    {
      "seed": 3031,
      "arm": "combined_accounts",
      "attempts": 6,
      "completions": 6,
      "input_tokens": 19909,
      "output_tokens": 1724,
      "model_work_seconds": 59.97079791640863,
      "defaulted_turns": 0,
      "defaulted_votes": 0,
      "charged_failed_attempts": 0,
      "retried_calls": 0,
      "unaccounted_attempts": 0
    },
    {
      "seed": 3032,
      "arm": "repaired_clock",
      "attempts": 6,
      "completions": 6,
      "input_tokens": 20914,
      "output_tokens": 1152,
      "model_work_seconds": 44.56631066836417,
      "defaulted_turns": 0,
      "defaulted_votes": 0,
      "charged_failed_attempts": 0,
      "retried_calls": 0,
      "unaccounted_attempts": 0
    },
    {
      "seed": 3032,
      "arm": "combined_accounts",
      "attempts": 6,
      "completions": 6,
      "input_tokens": 22586,
      "output_tokens": 1578,
      "model_work_seconds": 58.414363166317344,
      "defaulted_turns": 0,
      "defaulted_votes": 0,
      "charged_failed_attempts": 0,
      "retried_calls": 0,
      "unaccounted_attempts": 0
    },
    {
      "seed": 3033,
      "arm": "repaired_clock",
      "attempts": 6,
      "completions": 6,
      "input_tokens": 20774,
      "output_tokens": 1347,
      "model_work_seconds": 52.164380290778354,
      "defaulted_turns": 0,
      "defaulted_votes": 0,
      "charged_failed_attempts": 0,
      "retried_calls": 0,
      "unaccounted_attempts": 0
    },
    {
      "seed": 3033,
      "arm": "combined_accounts",
      "attempts": 6,
      "completions": 6,
      "input_tokens": 22817,
      "output_tokens": 1677,
      "model_work_seconds": 60.97227191575803,
      "defaulted_turns": 0,
      "defaulted_votes": 0,
      "charged_failed_attempts": 0,
      "retried_calls": 0,
      "unaccounted_attempts": 0
    },
    {
      "seed": 3034,
      "arm": "repaired_clock",
      "attempts": 6,
      "completions": 6,
      "input_tokens": 21284,
      "output_tokens": 1155,
      "model_work_seconds": 45.07238741707988,
      "defaulted_turns": 0,
      "defaulted_votes": 0,
      "charged_failed_attempts": 0,
      "retried_calls": 0,
      "unaccounted_attempts": 0
    },
    {
      "seed": 3034,
      "arm": "combined_accounts",
      "attempts": 6,
      "completions": 6,
      "input_tokens": 18598,
      "output_tokens": 1059,
      "model_work_seconds": 41.35992112476379,
      "defaulted_turns": 0,
      "defaulted_votes": 0,
      "charged_failed_attempts": 0,
      "retried_calls": 0,
      "unaccounted_attempts": 0
    },
    {
      "seed": 3035,
      "arm": "repaired_clock",
      "attempts": 6,
      "completions": 6,
      "input_tokens": 22204,
      "output_tokens": 1255,
      "model_work_seconds": 48.43103487440385,
      "defaulted_turns": 0,
      "defaulted_votes": 0,
      "charged_failed_attempts": 0,
      "retried_calls": 0,
      "unaccounted_attempts": 0
    },
    {
      "seed": 3035,
      "arm": "combined_accounts",
      "attempts": 6,
      "completions": 6,
      "input_tokens": 38440,
      "output_tokens": 4176,
      "model_work_seconds": 209.02737108268775,
      "defaulted_turns": 0,
      "defaulted_votes": 0,
      "charged_failed_attempts": 0,
      "retried_calls": 0,
      "unaccounted_attempts": 0
    },
    {
      "seed": 3036,
      "arm": "repaired_clock",
      "attempts": 6,
      "completions": 6,
      "input_tokens": 20277,
      "output_tokens": 1217,
      "model_work_seconds": 82.06668037595227,
      "defaulted_turns": 0,
      "defaulted_votes": 0,
      "charged_failed_attempts": 0,
      "retried_calls": 0,
      "unaccounted_attempts": 0
    },
    {
      "seed": 3036,
      "arm": "combined_accounts",
      "attempts": 6,
      "completions": 6,
      "input_tokens": 19619,
      "output_tokens": 1321,
      "model_work_seconds": 49.8088589173276,
      "defaulted_turns": 0,
      "defaulted_votes": 0,
      "charged_failed_attempts": 0,
      "retried_calls": 0,
      "unaccounted_attempts": 0
    },
    {
      "seed": 3037,
      "arm": "repaired_clock",
      "attempts": 6,
      "completions": 6,
      "input_tokens": 19255,
      "output_tokens": 1137,
      "model_work_seconds": 43.368972251191735,
      "defaulted_turns": 0,
      "defaulted_votes": 0,
      "charged_failed_attempts": 0,
      "retried_calls": 0,
      "unaccounted_attempts": 0
    },
    {
      "seed": 3037,
      "arm": "combined_accounts",
      "attempts": 6,
      "completions": 6,
      "input_tokens": 20504,
      "output_tokens": 1462,
      "model_work_seconds": 53.488280249992386,
      "defaulted_turns": 0,
      "defaulted_votes": 0,
      "charged_failed_attempts": 0,
      "retried_calls": 0,
      "unaccounted_attempts": 0
    },
    {
      "seed": 3038,
      "arm": "repaired_clock",
      "attempts": 6,
      "completions": 6,
      "input_tokens": 19460,
      "output_tokens": 1080,
      "model_work_seconds": 42.03141354187392,
      "defaulted_turns": 0,
      "defaulted_votes": 0,
      "charged_failed_attempts": 0,
      "retried_calls": 0,
      "unaccounted_attempts": 0
    },
    {
      "seed": 3038,
      "arm": "combined_accounts",
      "attempts": 6,
      "completions": 6,
      "input_tokens": 20332,
      "output_tokens": 1615,
      "model_work_seconds": 58.10069899982773,
      "defaulted_turns": 0,
      "defaulted_votes": 0,
      "charged_failed_attempts": 0,
      "retried_calls": 0,
      "unaccounted_attempts": 0
    },
    {
      "seed": 3039,
      "arm": "repaired_clock",
      "attempts": 6,
      "completions": 6,
      "input_tokens": 20868,
      "output_tokens": 1067,
      "model_work_seconds": 41.240561625221744,
      "defaulted_turns": 0,
      "defaulted_votes": 0,
      "charged_failed_attempts": 0,
      "retried_calls": 0,
      "unaccounted_attempts": 0
    },
    {
      "seed": 3039,
      "arm": "combined_accounts",
      "attempts": 6,
      "completions": 6,
      "input_tokens": 22471,
      "output_tokens": 1316,
      "model_work_seconds": 48.296711458824575,
      "defaulted_turns": 0,
      "defaulted_votes": 0,
      "charged_failed_attempts": 0,
      "retried_calls": 0,
      "unaccounted_attempts": 0
    },
    {
      "seed": 3040,
      "arm": "repaired_clock",
      "attempts": 6,
      "completions": 6,
      "input_tokens": 22347,
      "output_tokens": 1062,
      "model_work_seconds": 47.00717495940626,
      "defaulted_turns": 0,
      "defaulted_votes": 0,
      "charged_failed_attempts": 0,
      "retried_calls": 0,
      "unaccounted_attempts": 0
    },
    {
      "seed": 3040,
      "arm": "combined_accounts",
      "attempts": 6,
      "completions": 6,
      "input_tokens": 21680,
      "output_tokens": 1290,
      "model_work_seconds": 110.63693600031547,
      "defaulted_turns": 0,
      "defaulted_votes": 0,
      "charged_failed_attempts": 0,
      "retried_calls": 0,
      "unaccounted_attempts": 0
    },
    {
      "seed": 3042,
      "arm": "repaired_clock",
      "attempts": 6,
      "completions": 6,
      "input_tokens": 21119,
      "output_tokens": 1060,
      "model_work_seconds": 48.499921458540484,
      "defaulted_turns": 0,
      "defaulted_votes": 0,
      "charged_failed_attempts": 0,
      "retried_calls": 0,
      "unaccounted_attempts": 0
    },
    {
      "seed": 3042,
      "arm": "combined_accounts",
      "attempts": 6,
      "completions": 6,
      "input_tokens": 27074,
      "output_tokens": 2047,
      "model_work_seconds": 69.28059579012915,
      "defaulted_turns": 0,
      "defaulted_votes": 0,
      "charged_failed_attempts": 0,
      "retried_calls": 0,
      "unaccounted_attempts": 0
    },
    {
      "seed": 3043,
      "arm": "repaired_clock",
      "attempts": 6,
      "completions": 6,
      "input_tokens": 20954,
      "output_tokens": 1107,
      "model_work_seconds": 43.82682679174468,
      "defaulted_turns": 0,
      "defaulted_votes": 0,
      "charged_failed_attempts": 0,
      "retried_calls": 0,
      "unaccounted_attempts": 0
    },
    {
      "seed": 3043,
      "arm": "combined_accounts",
      "attempts": 6,
      "completions": 6,
      "input_tokens": 25079,
      "output_tokens": 1711,
      "model_work_seconds": 59.25368179404177,
      "defaulted_turns": 0,
      "defaulted_votes": 0,
      "charged_failed_attempts": 0,
      "retried_calls": 0,
      "unaccounted_attempts": 0
    },
    {
      "seed": 3044,
      "arm": "repaired_clock",
      "attempts": 6,
      "completions": 6,
      "input_tokens": 20468,
      "output_tokens": 993,
      "model_work_seconds": 42.27529516676441,
      "defaulted_turns": 0,
      "defaulted_votes": 0,
      "charged_failed_attempts": 0,
      "retried_calls": 0,
      "unaccounted_attempts": 0
    },
    {
      "seed": 3044,
      "arm": "combined_accounts",
      "attempts": 6,
      "completions": 6,
      "input_tokens": 21229,
      "output_tokens": 1574,
      "model_work_seconds": 54.81944795767777,
      "defaulted_turns": 0,
      "defaulted_votes": 0,
      "charged_failed_attempts": 0,
      "retried_calls": 0,
      "unaccounted_attempts": 0
    },
    {
      "seed": 3045,
      "arm": "repaired_clock",
      "attempts": 6,
      "completions": 6,
      "input_tokens": 19675,
      "output_tokens": 1129,
      "model_work_seconds": 55.16939295991324,
      "defaulted_turns": 0,
      "defaulted_votes": 0,
      "charged_failed_attempts": 0,
      "retried_calls": 0,
      "unaccounted_attempts": 0
    },
    {
      "seed": 3045,
      "arm": "combined_accounts",
      "attempts": 6,
      "completions": 6,
      "input_tokens": 19175,
      "output_tokens": 1285,
      "model_work_seconds": 46.18751366529614,
      "defaulted_turns": 0,
      "defaulted_votes": 0,
      "charged_failed_attempts": 0,
      "retried_calls": 0,
      "unaccounted_attempts": 0
    },
    {
      "seed": 3046,
      "arm": "repaired_clock",
      "attempts": 6,
      "completions": 6,
      "input_tokens": 20963,
      "output_tokens": 1130,
      "model_work_seconds": 43.973277918528765,
      "defaulted_turns": 0,
      "defaulted_votes": 0,
      "charged_failed_attempts": 0,
      "retried_calls": 0,
      "unaccounted_attempts": 0
    },
    {
      "seed": 3046,
      "arm": "combined_accounts",
      "attempts": 6,
      "completions": 6,
      "input_tokens": 25977,
      "output_tokens": 1671,
      "model_work_seconds": 58.08453799900599,
      "defaulted_turns": 0,
      "defaulted_votes": 0,
      "charged_failed_attempts": 0,
      "retried_calls": 0,
      "unaccounted_attempts": 0
    },
    {
      "seed": 3047,
      "arm": "repaired_clock",
      "attempts": 6,
      "completions": 6,
      "input_tokens": 19123,
      "output_tokens": 1099,
      "model_work_seconds": 52.80587425199337,
      "defaulted_turns": 0,
      "defaulted_votes": 0,
      "charged_failed_attempts": 0,
      "retried_calls": 0,
      "unaccounted_attempts": 0
    },
    {
      "seed": 3047,
      "arm": "combined_accounts",
      "attempts": 6,
      "completions": 6,
      "input_tokens": 25882,
      "output_tokens": 2139,
      "model_work_seconds": 143.528238292085,
      "defaulted_turns": 0,
      "defaulted_votes": 0,
      "charged_failed_attempts": 0,
      "retried_calls": 0,
      "unaccounted_attempts": 0
    },
    {
      "seed": 3048,
      "arm": "repaired_clock",
      "attempts": 6,
      "completions": 6,
      "input_tokens": 20171,
      "output_tokens": 1081,
      "model_work_seconds": 140.65474283322692,
      "defaulted_turns": 0,
      "defaulted_votes": 0,
      "charged_failed_attempts": 0,
      "retried_calls": 0,
      "unaccounted_attempts": 0
    },
    {
      "seed": 3048,
      "arm": "combined_accounts",
      "attempts": 6,
      "completions": 6,
      "input_tokens": 22479,
      "output_tokens": 1621,
      "model_work_seconds": 139.2812705412507,
      "defaulted_turns": 0,
      "defaulted_votes": 0,
      "charged_failed_attempts": 0,
      "retried_calls": 0,
      "unaccounted_attempts": 0
    },
    {
      "seed": 3049,
      "arm": "repaired_clock",
      "attempts": 6,
      "completions": 6,
      "input_tokens": 20515,
      "output_tokens": 1057,
      "model_work_seconds": 42.78356575104408,
      "defaulted_turns": 0,
      "defaulted_votes": 0,
      "charged_failed_attempts": 0,
      "retried_calls": 0,
      "unaccounted_attempts": 0
    },
    {
      "seed": 3049,
      "arm": "combined_accounts",
      "attempts": 6,
      "completions": 6,
      "input_tokens": 18749,
      "output_tokens": 1139,
      "model_work_seconds": 47.287425252608955,
      "defaulted_turns": 0,
      "defaulted_votes": 0,
      "charged_failed_attempts": 0,
      "retried_calls": 0,
      "unaccounted_attempts": 0
    },
    {
      "seed": 3050,
      "arm": "repaired_clock",
      "attempts": 6,
      "completions": 6,
      "input_tokens": 21804,
      "output_tokens": 1202,
      "model_work_seconds": 49.63342045573518,
      "defaulted_turns": 0,
      "defaulted_votes": 0,
      "charged_failed_attempts": 0,
      "retried_calls": 0,
      "unaccounted_attempts": 0
    },
    {
      "seed": 3050,
      "arm": "combined_accounts",
      "attempts": 6,
      "completions": 6,
      "input_tokens": 26306,
      "output_tokens": 1709,
      "model_work_seconds": 69.13501149974763,
      "defaulted_turns": 0,
      "defaulted_votes": 0,
      "charged_failed_attempts": 0,
      "retried_calls": 0,
      "unaccounted_attempts": 0
    },
    {
      "seed": 3051,
      "arm": "repaired_clock",
      "attempts": 6,
      "completions": 6,
      "input_tokens": 21965,
      "output_tokens": 1256,
      "model_work_seconds": 51.84212704305537,
      "defaulted_turns": 0,
      "defaulted_votes": 0,
      "charged_failed_attempts": 0,
      "retried_calls": 0,
      "unaccounted_attempts": 0
    },
    {
      "seed": 3051,
      "arm": "combined_accounts",
      "attempts": 6,
      "completions": 6,
      "input_tokens": 24977,
      "output_tokens": 1745,
      "model_work_seconds": 63.091132499976084,
      "defaulted_turns": 0,
      "defaulted_votes": 0,
      "charged_failed_attempts": 0,
      "retried_calls": 0,
      "unaccounted_attempts": 0
    },
    {
      "seed": 3052,
      "arm": "repaired_clock",
      "attempts": 6,
      "completions": 6,
      "input_tokens": 21888,
      "output_tokens": 1272,
      "model_work_seconds": 49.07968575018458,
      "defaulted_turns": 0,
      "defaulted_votes": 0,
      "charged_failed_attempts": 0,
      "retried_calls": 0,
      "unaccounted_attempts": 0
    },
    {
      "seed": 3052,
      "arm": "combined_accounts",
      "attempts": 6,
      "completions": 6,
      "input_tokens": 22618,
      "output_tokens": 1492,
      "model_work_seconds": 55.7331280852668,
      "defaulted_turns": 0,
      "defaulted_votes": 0,
      "charged_failed_attempts": 0,
      "retried_calls": 0,
      "unaccounted_attempts": 0
    },
    {
      "seed": 3053,
      "arm": "repaired_clock",
      "attempts": 6,
      "completions": 6,
      "input_tokens": 21837,
      "output_tokens": 1196,
      "model_work_seconds": 48.48428662470542,
      "defaulted_turns": 0,
      "defaulted_votes": 0,
      "charged_failed_attempts": 0,
      "retried_calls": 0,
      "unaccounted_attempts": 0
    },
    {
      "seed": 3053,
      "arm": "combined_accounts",
      "attempts": 6,
      "completions": 6,
      "input_tokens": 26895,
      "output_tokens": 1846,
      "model_work_seconds": 120.77115787495859,
      "defaulted_turns": 0,
      "defaulted_votes": 0,
      "charged_failed_attempts": 0,
      "retried_calls": 0,
      "unaccounted_attempts": 0
    },
    {
      "seed": 3054,
      "arm": "repaired_clock",
      "attempts": 6,
      "completions": 6,
      "input_tokens": 21650,
      "output_tokens": 1149,
      "model_work_seconds": 43.60703950095922,
      "defaulted_turns": 0,
      "defaulted_votes": 0,
      "charged_failed_attempts": 0,
      "retried_calls": 0,
      "unaccounted_attempts": 0
    },
    {
      "seed": 3054,
      "arm": "combined_accounts",
      "attempts": 6,
      "completions": 6,
      "input_tokens": 26172,
      "output_tokens": 1854,
      "model_work_seconds": 63.77376320818439,
      "defaulted_turns": 0,
      "defaulted_votes": 0,
      "charged_failed_attempts": 0,
      "retried_calls": 0,
      "unaccounted_attempts": 0
    },
    {
      "seed": 3055,
      "arm": "repaired_clock",
      "attempts": 6,
      "completions": 6,
      "input_tokens": 20614,
      "output_tokens": 1032,
      "model_work_seconds": 39.70807091658935,
      "defaulted_turns": 0,
      "defaulted_votes": 0,
      "charged_failed_attempts": 0,
      "retried_calls": 0,
      "unaccounted_attempts": 0
    },
    {
      "seed": 3055,
      "arm": "combined_accounts",
      "attempts": 6,
      "completions": 6,
      "input_tokens": 22391,
      "output_tokens": 1396,
      "model_work_seconds": 52.57570929196663,
      "defaulted_turns": 0,
      "defaulted_votes": 0,
      "charged_failed_attempts": 0,
      "retried_calls": 0,
      "unaccounted_attempts": 0
    },
    {
      "seed": 3056,
      "arm": "repaired_clock",
      "attempts": 6,
      "completions": 6,
      "input_tokens": 19955,
      "output_tokens": 1056,
      "model_work_seconds": 66.91131262411363,
      "defaulted_turns": 0,
      "defaulted_votes": 0,
      "charged_failed_attempts": 0,
      "retried_calls": 0,
      "unaccounted_attempts": 0
    },
    {
      "seed": 3056,
      "arm": "combined_accounts",
      "attempts": 6,
      "completions": 6,
      "input_tokens": 21474,
      "output_tokens": 1705,
      "model_work_seconds": 160.4159738351591,
      "defaulted_turns": 0,
      "defaulted_votes": 0,
      "charged_failed_attempts": 0,
      "retried_calls": 0,
      "unaccounted_attempts": 0
    },
    {
      "seed": 3057,
      "arm": "repaired_clock",
      "attempts": 6,
      "completions": 6,
      "input_tokens": 19089,
      "output_tokens": 1079,
      "model_work_seconds": 62.536815208150074,
      "defaulted_turns": 0,
      "defaulted_votes": 0,
      "charged_failed_attempts": 0,
      "retried_calls": 0,
      "unaccounted_attempts": 0
    },
    {
      "seed": 3057,
      "arm": "combined_accounts",
      "attempts": 6,
      "completions": 6,
      "input_tokens": 20020,
      "output_tokens": 1498,
      "model_work_seconds": 52.541882580844685,
      "defaulted_turns": 0,
      "defaulted_votes": 0,
      "charged_failed_attempts": 0,
      "retried_calls": 0,
      "unaccounted_attempts": 0
    },
    {
      "seed": 5000,
      "arm": "repaired_clock",
      "attempts": 6,
      "completions": 6,
      "input_tokens": 19730,
      "output_tokens": 1172,
      "model_work_seconds": 47.24409933295101,
      "defaulted_turns": 0,
      "defaulted_votes": 0,
      "charged_failed_attempts": 0,
      "retried_calls": 0,
      "unaccounted_attempts": 0
    },
    {
      "seed": 5000,
      "arm": "combined_accounts",
      "attempts": 6,
      "completions": 6,
      "input_tokens": 19515,
      "output_tokens": 1344,
      "model_work_seconds": 50.30992258293554,
      "defaulted_turns": 0,
      "defaulted_votes": 0,
      "charged_failed_attempts": 0,
      "retried_calls": 0,
      "unaccounted_attempts": 0
    },
    {
      "seed": 5001,
      "arm": "repaired_clock",
      "attempts": 6,
      "completions": 6,
      "input_tokens": 19210,
      "output_tokens": 966,
      "model_work_seconds": 38.54845550120808,
      "defaulted_turns": 0,
      "defaulted_votes": 0,
      "charged_failed_attempts": 0,
      "retried_calls": 0,
      "unaccounted_attempts": 0
    },
    {
      "seed": 5001,
      "arm": "combined_accounts",
      "attempts": 6,
      "completions": 6,
      "input_tokens": 25877,
      "output_tokens": 1949,
      "model_work_seconds": 83.62005770811811,
      "defaulted_turns": 0,
      "defaulted_votes": 0,
      "charged_failed_attempts": 0,
      "retried_calls": 0,
      "unaccounted_attempts": 0
    },
    {
      "seed": 5002,
      "arm": "repaired_clock",
      "attempts": 6,
      "completions": 6,
      "input_tokens": 25032,
      "output_tokens": 1330,
      "model_work_seconds": 61.977293374948204,
      "defaulted_turns": 0,
      "defaulted_votes": 0,
      "charged_failed_attempts": 0,
      "retried_calls": 0,
      "unaccounted_attempts": 0
    },
    {
      "seed": 5002,
      "arm": "combined_accounts",
      "attempts": 6,
      "completions": 6,
      "input_tokens": 21308,
      "output_tokens": 1130,
      "model_work_seconds": 44.788911250187084,
      "defaulted_turns": 0,
      "defaulted_votes": 0,
      "charged_failed_attempts": 0,
      "retried_calls": 0,
      "unaccounted_attempts": 0
    },
    {
      "seed": 5003,
      "arm": "repaired_clock",
      "attempts": 6,
      "completions": 6,
      "input_tokens": 21434,
      "output_tokens": 1266,
      "model_work_seconds": 46.96506516775116,
      "defaulted_turns": 0,
      "defaulted_votes": 0,
      "charged_failed_attempts": 0,
      "retried_calls": 0,
      "unaccounted_attempts": 0
    },
    {
      "seed": 5003,
      "arm": "combined_accounts",
      "attempts": 6,
      "completions": 6,
      "input_tokens": 19755,
      "output_tokens": 1348,
      "model_work_seconds": 48.81751533295028,
      "defaulted_turns": 0,
      "defaulted_votes": 0,
      "charged_failed_attempts": 0,
      "retried_calls": 0,
      "unaccounted_attempts": 0
    },
    {
      "seed": 5004,
      "arm": "repaired_clock",
      "attempts": 6,
      "completions": 6,
      "input_tokens": 19137,
      "output_tokens": 953,
      "model_work_seconds": 39.642436834052205,
      "defaulted_turns": 0,
      "defaulted_votes": 0,
      "charged_failed_attempts": 0,
      "retried_calls": 0,
      "unaccounted_attempts": 0
    },
    {
      "seed": 5004,
      "arm": "combined_accounts",
      "attempts": 6,
      "completions": 6,
      "input_tokens": 21089,
      "output_tokens": 1570,
      "model_work_seconds": 54.68486762512475,
      "defaulted_turns": 0,
      "defaulted_votes": 0,
      "charged_failed_attempts": 0,
      "retried_calls": 0,
      "unaccounted_attempts": 0
    },
    {
      "seed": 5005,
      "arm": "repaired_clock",
      "attempts": 6,
      "completions": 6,
      "input_tokens": 25051,
      "output_tokens": 1490,
      "model_work_seconds": 67.76525366562419,
      "defaulted_turns": 0,
      "defaulted_votes": 0,
      "charged_failed_attempts": 0,
      "retried_calls": 0,
      "unaccounted_attempts": 0
    },
    {
      "seed": 5005,
      "arm": "combined_accounts",
      "attempts": 6,
      "completions": 6,
      "input_tokens": 30936,
      "output_tokens": 2168,
      "model_work_seconds": 93.35416362597607,
      "defaulted_turns": 0,
      "defaulted_votes": 0,
      "charged_failed_attempts": 0,
      "retried_calls": 0,
      "unaccounted_attempts": 0
    },
    {
      "seed": 5006,
      "arm": "repaired_clock",
      "attempts": 6,
      "completions": 6,
      "input_tokens": 20109,
      "output_tokens": 924,
      "model_work_seconds": 38.09883241727948,
      "defaulted_turns": 0,
      "defaulted_votes": 0,
      "charged_failed_attempts": 0,
      "retried_calls": 0,
      "unaccounted_attempts": 0
    },
    {
      "seed": 5006,
      "arm": "combined_accounts",
      "attempts": 6,
      "completions": 6,
      "input_tokens": 27466,
      "output_tokens": 2140,
      "model_work_seconds": 162.08522216626443,
      "defaulted_turns": 0,
      "defaulted_votes": 0,
      "charged_failed_attempts": 0,
      "retried_calls": 0,
      "unaccounted_attempts": 0
    },
    {
      "seed": 5007,
      "arm": "repaired_clock",
      "attempts": 6,
      "completions": 6,
      "input_tokens": 22769,
      "output_tokens": 1319,
      "model_work_seconds": 139.82689883303829,
      "defaulted_turns": 0,
      "defaulted_votes": 0,
      "charged_failed_attempts": 0,
      "retried_calls": 0,
      "unaccounted_attempts": 0
    },
    {
      "seed": 5007,
      "arm": "combined_accounts",
      "attempts": 6,
      "completions": 6,
      "input_tokens": 24503,
      "output_tokens": 1922,
      "model_work_seconds": 71.72536099981517,
      "defaulted_turns": 0,
      "defaulted_votes": 0,
      "charged_failed_attempts": 0,
      "retried_calls": 0,
      "unaccounted_attempts": 0
    },
    {
      "seed": 5008,
      "arm": "repaired_clock",
      "attempts": 6,
      "completions": 6,
      "input_tokens": 18991,
      "output_tokens": 1049,
      "model_work_seconds": 42.12430729297921,
      "defaulted_turns": 0,
      "defaulted_votes": 0,
      "charged_failed_attempts": 0,
      "retried_calls": 0,
      "unaccounted_attempts": 0
    },
    {
      "seed": 5008,
      "arm": "combined_accounts",
      "attempts": 6,
      "completions": 6,
      "input_tokens": 18832,
      "output_tokens": 1271,
      "model_work_seconds": 65.11630495986901,
      "defaulted_turns": 0,
      "defaulted_votes": 0,
      "charged_failed_attempts": 0,
      "retried_calls": 0,
      "unaccounted_attempts": 0
    },
    {
      "seed": 5009,
      "arm": "repaired_clock",
      "attempts": 6,
      "completions": 6,
      "input_tokens": 22120,
      "output_tokens": 1253,
      "model_work_seconds": 47.24608341651037,
      "defaulted_turns": 0,
      "defaulted_votes": 0,
      "charged_failed_attempts": 0,
      "retried_calls": 0,
      "unaccounted_attempts": 0
    },
    {
      "seed": 5009,
      "arm": "combined_accounts",
      "attempts": 6,
      "completions": 6,
      "input_tokens": 20691,
      "output_tokens": 1251,
      "model_work_seconds": 46.87942341668531,
      "defaulted_turns": 0,
      "defaulted_votes": 0,
      "charged_failed_attempts": 0,
      "retried_calls": 0,
      "unaccounted_attempts": 0
    }
  ],
  "proposal": {
    "rule": "The per-unit OUTPUT ceiling is max(the reservation schedule, 3 x the largest unit measured): it is enforced on what a unit RESERVES, so it has to clear that schedule before anything else. The per-unit INPUT ceiling is 3 x the largest unit measured — the same multiple with no reservation floor to clear, because no pre-flight reserves an input cap. Each run-level ceiling is the whole design's unit count x the measured MEAN unit x 1.5, raised to that unit count x the largest unit measured where the mean rule falls below it: that product is the floor `assert_limits_are_feasible` enforces, and a proposed ceiling the instrument would refuse is not a proposal. The run-level OUTPUT floor carries ONE further per-call turn cap on top of that product — the in-flight headroom the gate itself adds, because the run's last call is reserved against the run budget after the run has charged everything before it. Without that term a proposal reproduces the defect of 2026-09-14, whose 459,000 for a hundred units is exactly a hundred times its own largest unit and 4,096 short of what those hundred units reserve. The INPUT dimension takes no such term, its pre-flight being the prompt's own estimated length rather than a cap. Every figure is rounded up to the next 1,000 tokens. The feasibility check the proposal reports is run against the CALIBRATION's own measured maxima rather than against whatever the tree's committed usage profile happens to hold, because the question a proposal answers is whether these ceilings can pay for the run THIS sitting measured; the same check against the committed profile is reported beside it, so a sitting whose units are larger than the profile's says so. This is a proposal and authorizes nothing: the ceilings a run spends under are the owner's, on a card, and this instrument keeps refusing any limits but the ones it is handed.",
    "units": 100,
    "reservation_schedule": 15360,
    "measured_max_unit_input_tokens": 38440,
    "measured_max_unit_output_tokens": 4176,
    "measured_mean_unit_input_tokens": 21798.075,
    "measured_mean_unit_output_tokens": 1375.175,
    "unit_max_input_tokens": 116000,
    "unit_max_output_tokens": 16000,
    "run_max_input_tokens": 3844000,
    "run_max_output_tokens": 422000,
    "clears_the_feasibility_gate": true,
    "feasibility_refusal": null,
    "clears_the_committed_profiles_gate": true,
    "committed_profile_refusal": null
  },
  "percentile_rule": "p95 is the nearest-rank percentile of the sample sorted ascending: the value at index ceil(0.95 x n) - 1. No interpolation, because every value in the sample is a token count some call was actually charged and a number between two of them is not one of those.",
  "role_leak_rule": "A leaking turn is a COMMITTED public turn whose speaker is an IMPOSTOR and whose text states, in the first person and without attributing the statement to someone else, either that role or a kill that speaker committed. The roles are the unit's own ground truth, which the run record holds in memory and no listener sees. Three shapes decide it: a first-person role statement, a first-person kill statement, and the negative the diagnosis of 2026-09-15 counted out — an impostor REBUTTING an accusation against itself, which quotes the words without asserting them and is not counted. A statement that is SUPPOSED or ASKED rather than asserted — a conditional, a hypothetical or a question governing the words — is not counted either, for the same reason: the words are there and the assertion is not. A CREWMATE naming its own role is not counted either: every crewmate says so, and counting it would report the roster rather than a leak. A turn the meeting layer substituted is not counted, because its text is the layer's. The count is a REPORTED diagnostic and not a gate: the owner's reading of decision 9 on 2026-09-15 is that the leak does not block the next run on its own, which is what makes a reported column beside the primary outcome the right instrument for it. What the rule cannot do is read intent, and its guards see one sentence at a time: an impostor that confesses in words the two shapes do not match is missed, and an attribution, denial or supposition spread across two sentences is counted. So the figure is an ESTIMATE carrying error in BOTH directions and is not a floor, which is a further reason to read it beside the outcome rather than to gate on it.",
  "elapsed_seconds": 7409.800798584009,
  "model_work_seconds": 7403.037552899914,
  "seconds_per_attempt": 10.28199660124988,
  "total_cost_usd": 0.0,
  "dry_run": false,
  "caveat": "A spend measurement on development inputs, not an evaluation. No grader ran, no paired statistic was computed and no meeting outcome is reported: the primary outcome, the decision rule and the minimum actionable effect are untouched, and no unit of this calibration counts towards them."
}

end (UTC): 2026-09-15T15:43:16Z
exit code: 0
